date,name,description,random_sum,random_average,random_decimals
2024-10-08,Vjabwgp Cyukcjhr,zeta alpha sigma alpha gamma alpha beta theta delta zeta gamma zeta,7912,377.99,0.965635
2025-05-20,Xhjkgi Zxsvq,sigma delta theta gamma beta beta sigma sigma lambda omega zeta,7614,721.16,0.037545
2024-09-04,Xbdfmua Jeqfljgs,theta gamma theta delta alpha omega omega delta alpha sigma gamma,5699,561.34,0.739207
2021-01-24,Hnmuk Hvuhq,beta sigma zeta theta gamma alpha gamma lambda omega,8361,48.43,0.902632
2023-08-16,Injtiprp Qbogku,omega sigma zeta alpha gamma gamma omega delta zeta delta lambda,2523,999.58,0.376535
2023-07-07,Roxw Dfvtbq,sigma gamma zeta omega alpha,1691,660.16,0.127034
2024-07-08,Qbedxwwk Ljigzvdyp,theta gamma beta sigma sigma theta beta lambda,4966,443.07,0.24385
2024-05-12,Mxuy Rfgdnwae,theta sigma omega omega theta theta,9782,607.61,0.103775
2020-10-22,Psockmzm Sowut,lambda sigma alpha zeta theta sigma theta delta zeta lambda delta sigma,5802,312.37,0.369041
2021-07-23,Uayrkh Uwkjmqze,theta gamma beta gamma theta alpha beta,8714,40.18,0.022335
2022-05-24,Wfklg Oztna,gamma beta zeta beta gamma zeta gamma lambda zeta omega theta theta,406,563.2,0.837224
2024-06-21,Liycntf Ezgggdzgf,delta delta sigma zeta sigma gamma beta omega beta beta delta sigma,5344,183.62,0.313752
2024-09-21,Nudlsi Zgetqtud,alpha gamma omega lambda theta alpha gamma lambda gamma lambda alpha sigma,9894,487.73,0.330433
2021-08-29,Ynfwirgt Dphvz,omega gamma sigma zeta beta zeta lambda omega alpha,5541,927.69,0.842759
2023-11-16,Obofknh Iuqokz,omega omega sigma zeta delta alpha beta beta zeta sigma sigma sigma,4212,451.61,0.416338
2023-08-03,Gmjhariu Qhmibdi,omega theta zeta delta theta alpha,4855,586.28,0.144943
2024-08-01,Jmsj Uokvriyi,gamma sigma gamma delta sigma alpha lambda sigma theta sigma sigma delta,519,436.22,0.974409
2023-09-08,Pshowpq Hxxgw,delta gamma gamma beta sigma lambda lambda alpha zeta,4121,804.87,0.930802
2024-02-20,Cfoa Qhkqvz,alpha zeta gamma gamma beta omega delta theta omega zeta delta,900,373.42,0.097517
2021-09-08,Wlkl Eibqyg,delta omega delta alpha alpha delta beta theta omega theta delta,5892,601.89,0.952806
2021-07-03,Hezwp Uiyun,omega beta omega sigma sigma delta lambda lambda theta gamma alpha delta,2800,859.3,0.644672
2024-07-13,Jafjksz Mumxfc,lambda zeta gamma alpha theta theta sigma omega,9225,978.95,0.063983
2021-04-01,Epzpbl Meodepa,zeta alpha sigma theta omega delta beta delta beta,5010,736.69,0.137277
2024-12-05,Xqvc Yjuykfohw,sigma gamma omega theta theta delta alpha delta theta gamma,928,866.79,0.717639
2023-12-20,Dmuro Sqmfbl,beta theta zeta omega sigma,6496,638.59,0.460385
2024-02-01,Ablaagy Ugszvt,theta sigma omega gamma theta beta alpha theta beta zeta delta,9839,156.47,0.071415
2023-09-20,Dxsg Yiwbj,beta alpha theta theta delta,793,722.1,0.047653
2024-12-08,Fbixaa Meqteqh,beta theta zeta delta beta sigma omega omega alpha lambda lambda,8374,376.45,0.675563
2025-06-02,Aqob Chqwzmuim,sigma lambda lambda lambda lambda sigma gamma omega delta delta delta zeta,4049,738.69,0.036415
2025-04-20,Fkaqafxd Yeeea,beta zeta theta beta gamma lambda zeta,8653,512.17,0.599489
2021-04-17,Dpzqhhxo Zrsym,theta gamma sigma delta delta lambda omega,7890,415.54,0.603794
2024-05-15,Kwzwwke Tlxwh,theta theta alpha theta sigma gamma beta lambda,7846,812.53,0.398391
2022-06-19,Jdicv Jcput,gamma theta zeta theta gamma sigma lambda,7967,695.75,0.499444
2023-02-20,Jkxwzl Muwvugs,lambda beta gamma omega beta lambda theta zeta,2679,192.88,0.384107
2024-05-04,Kgipdqmm Ntihpgbq,beta gamma lambda gamma delta lambda zeta lambda sigma,6751,172.66,0.935158
2023-05-01,Tvnux Bweyvkxtc,lambda lambda sigma delta alpha beta theta sigma theta beta,3596,853.35,0.676572
2025-07-14,Rdvfwl Lqvftls,gamma theta lambda beta beta omega,2074,735.54,0.832981
2022-04-10,Ibdx Cttolsz,alpha alpha beta theta alpha beta delta,3884,112.18,0.234319
2025-08-30,Rnjgjfkg Ebvozhc,beta sigma alpha lambda lambda theta,5154,33.38,0.356344
2024-09-19,Seogt Vrpzmp,omega zeta theta theta omega beta sigma lambda zeta sigma gamma,9820,987.98,0.193674
2020-10-13,Cxecwtuc Serozkvna,omega alpha beta sigma gamma zeta lambda,7779,844.26,0.189548
2022-07-08,Wkjhqfbk Rpjeji,beta sigma sigma omega gamma sigma alpha omega beta delta,2843,187.22,0.064847
2021-11-06,Gkvenu Xkmgaz,gamma sigma theta delta theta lambda omega zeta omega omega,553,178.74,0.420698
2025-09-28,Piptqd Ruldl,alpha lambda omega sigma delta lambda delta gamma,8250,726.86,0.16278
2021-06-07,Qqnq Prjcho,omega theta zeta zeta alpha beta lambda omega lambda omega,5688,503.92,0.146542
2021-08-29,Dulluoqi Pprabg,lambda lambda delta gamma zeta omega gamma zeta theta alpha,5456,106.65,0.058304
2024-09-02,Mekssrt Nqhqhjj,sigma omega zeta zeta zeta theta beta,3468,112.16,0.596254
2021-03-31,Czcbcbo Kvoryhnpb,sigma omega alpha beta sigma theta delta alpha alpha zeta,732,907.76,0.223284
2021-08-08,Zbagzakm Jucbt,sigma theta gamma zeta lambda zeta omega sigma sigma,233,421.54,0.826198
2025-07-05,Vukya Fmcrvpjl,sigma lambda zeta zeta gamma gamma beta zeta lambda delta delta,4834,293.06,0.625171
2021-01-12,Tezfqp Rddwo,gamma beta alpha alpha sigma gamma gamma theta,8296,603.75,0.623917
2022-10-01,Gvgy Ejvyl,theta alpha alpha omega delta omega beta alpha lambda beta zeta,2004,286.01,0.959886
2025-02-23,Kpclg Bavnnfviv,zeta gamma theta gamma beta omega,9554,653.86,0.868248
2021-03-18,Cquri Gmxzu,omega lambda omega delta lambda theta beta,3295,85.0,0.250955
2024-12-04,Ignl Nokbtss,lambda theta sigma sigma delta alpha delta delta theta lambda omega,6087,440.85,0.766125
2023-11-05,Rewnb Nihqkmf,sigma theta lambda delta delta beta lambda,4266,955.87,0.2854
2025-06-29,Qvkwnw Ecxkgp,lambda zeta beta sigma omega,8905,927.28,0.429868
2025-07-31,Zxykth Xbzttv,lambda lambda beta omega beta,917,852.54,0.030952
2025-02-19,Viqrtmzz Tauhbsllq,omega theta alpha delta beta zeta delta lambda delta lambda zeta omega,7038,304.01,0.760224
2025-04-18,Xybledcv Vaczuzrn,delta beta zeta lambda alpha zeta zeta beta beta delta,5585,782.7,0.765534
2022-04-24,Csdchhl Ypape,gamma theta lambda gamma theta omega gamma sigma zeta theta delta,7250,882.7,0.299663
2024-06-03,Swsxyo Inrhyao,theta zeta zeta alpha sigma alpha gamma,6475,85.14,0.138302
2024-02-10,Gsigi Mobreo,gamma beta delta gamma zeta lambda gamma theta,2160,60.53,0.453386
2025-03-30,Ibbu Dlskelmc,sigma beta alpha delta beta beta,9556,393.58,0.156744
2022-05-28,Viblbhd Cakufa,lambda beta delta delta sigma theta alpha gamma,8090,880.26,0.478374
2022-03-03,Kqallz Ngdpypefs,theta lambda theta alpha gamma zeta delta omega delta delta,5975,389.13,0.815734
2024-06-04,Pnbdol Xtctwu,alpha sigma sigma omega zeta theta omega delta,9280,889.39,0.1145
2022-02-11,Jzyjrmf Adcebhgvg,sigma gamma omega omega beta delta sigma gamma theta theta,5730,721.34,0.751635
2022-03-24,Jucrvzkt Dzhuszm,sigma omega omega omega sigma lambda omega,8263,577.19,0.705374
2023-02-03,Kzph Jjtvu,alpha theta lambda omega beta delta theta lambda theta alpha omega theta,4270,872.55,0.739345
2021-05-10,Njpxysh Ikwrvo,delta zeta lambda zeta lambda lambda omega alpha sigma alpha,6777,250.01,0.75591
2025-06-17,Vgnbmaz Iquvogof,theta beta zeta sigma zeta,4675,582.59,0.403195
2021-02-01,Rvnu Gxcrw,gamma alpha beta alpha alpha,294,940.03,0.662766
2021-01-13,Omvggbz Gpmkwj,lambda alpha gamma delta alpha omega zeta zeta zeta alpha alpha beta,595,930.29,0.55127
2021-04-24,Hdbdoyf Chbutp,delta theta lambda alpha sigma delta omega omega,4179,226.19,0.188843
2021-06-21,Swnxo Qdcao,gamma gamma theta beta delta lambda alpha,8168,61.61,0.609456
2025-03-24,Iouxm Epdqk,zeta zeta zeta gamma sigma theta,1022,484.29,0.885158
2021-02-10,Isurgl Idvhsgldp,delta delta omega theta delta delta,4853,298.32,0.913711
2021-09-20,Hvcnokk Ncfacatt,gamma sigma beta gamma alpha omega lambda sigma theta omega delta,1232,600.82,0.993348
2023-08-10,Yelka Bwvqpvj,beta gamma lambda zeta beta alpha alpha theta delta delta omega delta,9784,763.25,0.15914
2024-04-22,Dlxymbi Stdgk,alpha zeta alpha lambda zeta zeta gamma zeta theta,5601,431.01,0.885006
2024-10-21,Zjyxatjw Ncfoe,gamma omega zeta zeta sigma sigma theta beta alpha,8165,417.82,0.563989
2022-02-25,Fcmbzo Hvwhi,omega beta gamma sigma beta beta,3444,104.74,0.412487
2024-05-16,Xewoexuf Fwhcwsk,beta lambda alpha sigma beta zeta zeta delta zeta sigma theta omega,4525,110.37,0.546155
2021-05-22,Viksug Xbaix,omega sigma omega lambda zeta gamma beta gamma delta sigma omega theta,2279,823.46,0.593521
2021-06-15,Quon Koxtvs,lambda alpha alpha lambda gamma alpha alpha sigma sigma delta theta,8029,190.66,0.865884
2023-05-13,Nawyzf Ceexmdly,lambda delta lambda alpha sigma theta,5446,401.41,0.53379
2021-10-11,Akvrwkg Wpsmxo,delta gamma theta gamma lambda theta,7421,978.49,0.716416
2024-03-12,Ycmxblw Fblozmh,theta omega alpha alpha lambda alpha beta sigma lambda delta,3848,24.19,0.612243
2024-07-14,Vrnf Wbfbyjf,lambda omega zeta sigma delta lambda,6498,139.04,0.792946
2025-05-04,Amanvlag Zfwqwo,gamma lambda theta gamma zeta gamma omega theta lambda beta lambda theta,1896,876.53,0.10507
2024-05-15,Wagr Srzqa,gamma sigma lambda sigma beta alpha theta beta lambda omega,5061,332.81,0.987946
2022-06-08,Pzeja Cczctbzfc,zeta sigma beta gamma zeta alpha theta sigma sigma theta zeta,8241,244.62,0.749602
2021-02-08,Nssmfsr Ckvvpdsu,sigma zeta beta gamma theta omega gamma,8992,560.54,0.896775
2024-07-30,Lznfkqbj Iidkmepmx,omega omega delta delta theta,206,469.37,0.687487
2021-02-27,Rmegzdh Dgdmk,gamma delta alpha omega sigma,4389,63.43,0.12826
2023-06-07,Ngej Pvlinhz,lambda alpha sigma beta theta gamma lambda delta sigma lambda,5381,742.05,0.736364
2024-08-08,Utmr Rohsip,gamma sigma omega delta delta gamma omega gamma zeta beta gamma zeta,7868,584.5,0.959337
2025-07-10,Vpzl Tafsegpl,theta alpha theta alpha omega beta gamma sigma theta omega gamma sigma,5347,696.63,0.597159
2022-04-03,Vqhwxw Ujjiwx,alpha gamma delta sigma theta,308,218.41,0.999834
2020-10-14,Ureu Cizrbo,theta beta omega delta alpha sigma theta sigma lambda lambda alpha,4126,18.84,0.589878
2021-06-14,Qyshwgyb Vurgo,lambda sigma beta gamma omega beta theta beta lambda,2144,948.04,0.368616
2022-09-23,Eqcjul Pgxnptyf,omega sigma sigma alpha sigma beta delta zeta gamma,8928,462.89,0.041314
2020-12-21,Awzb Vlynfqvq,zeta lambda delta zeta theta theta gamma,5475,797.16,0.810504
2025-07-04,Slwj Vxyggbral,gamma omega gamma sigma zeta alpha lambda beta zeta omega,9834,231.54,0.753719
2024-02-03,Snhv Acpwgy,theta omega delta zeta delta lambda gamma alpha sigma,7892,654.8,0.611864
2025-03-10,Myhpgeub Snffpj,beta omega lambda alpha sigma omega zeta omega delta lambda,5833,176.51,0.455156
2024-01-01,Odlh Fsnwxlhfp,beta gamma beta zeta gamma gamma zeta omega,4643,682.31,0.891488
2023-07-31,Hhfqku Dloetk,beta sigma gamma theta theta lambda lambda theta sigma beta omega zeta,6261,534.94,0.380959
2024-01-26,Iueoh Wnaxc,delta theta omega sigma lambda gamma alpha beta,655,750.12,0.506275
2025-05-25,Oynojyo Jaeyrn,beta sigma omega delta delta zeta,6275,98.15,0.627239
2025-03-13,Cshoghnw Tqbnmu,beta beta sigma gamma theta theta,2028,514.23,0.423063
2025-01-25,Cqtcoqah Eebqzfzl,lambda omega zeta sigma delta omega gamma omega,6816,990.87,0.66505
2023-01-04,Icthzwgz Alcek,theta beta zeta omega sigma alpha,1335,159.93,0.83932
2024-11-02,Vssgoq Sfegrkme,omega zeta theta omega delta sigma delta delta zeta delta lambda theta,9228,898.65,0.150054
2021-07-22,Jagrkxz Ptyils,delta beta zeta gamma gamma,6904,45.52,0.423481
2024-02-14,Nbiq Sdxjpkab,sigma delta zeta sigma theta delta alpha beta sigma beta,7627,306.53,0.018893
2025-07-08,Pkixp Kpuizk,sigma omega zeta delta omega delta sigma lambda beta beta theta beta,1894,152.06,0.082601
2025-03-20,Eyutxbnh Zhgqoyb,gamma beta gamma delta zeta alpha alpha delta sigma lambda gamma delta,1063,600.52,0.082964
2023-06-28,Grgqdgk Fumhqadp,omega beta zeta theta gamma gamma alpha sigma lambda alpha,7654,344.27,0.597861
2024-09-16,Buht Bkzuzrzsb,lambda zeta theta beta delta sigma gamma,7475,606.83,0.307419
2021-12-28,Zeusrxvs Xzujw,beta omega theta zeta delta gamma,6203,945.43,0.043506
2021-11-05,Ecki Ghtwiw,beta omega beta beta alpha zeta omega alpha,3709,145.42,0.649779
2025-05-13,Vfqotk Mfccje,delta beta gamma sigma gamma sigma sigma omega beta,3232,185.01,0.056778
2024-02-27,Peemwyme Htlaybwd,lambda omega omega sigma zeta theta beta gamma alpha beta alpha theta,7046,461.42,0.449839
2023-01-29,Fgyadssa Cepbth,theta beta sigma beta beta delta delta sigma omega theta theta theta,1274,255.77,0.053149
2023-02-15,Qvtrtmk Ldqsqzfyx,zeta zeta zeta theta omega beta lambda zeta sigma alpha beta,4804,537.44,0.583359
2023-02-04,Ujqdzwlo Rugwkv,zeta lambda gamma delta omega gamma,5817,295.79,0.201789
2024-06-24,Xuojzeip Nfzsgu,gamma beta theta beta lambda lambda omega alpha theta,8674,817.83,0.390988
2024-05-14,Hlhppztv Iqszrky,lambda beta alpha sigma lambda theta,6424,913.0,0.994264
2024-05-11,Cirhapm Wbvqq,gamma zeta zeta alpha zeta omega lambda theta zeta alpha alpha lambda,7742,498.5,0.668125
2025-04-18,Luddltv Vmqzmjds,theta zeta zeta omega beta zeta,4689,393.7,0.365014
2022-06-13,Ejyw Lcblqya,theta alpha delta beta delta gamma omega gamma beta delta alpha beta,700,592.97,0.300294
2025-03-27,Oikgj Dhkskm,omega gamma alpha alpha delta gamma alpha,273,794.02,0.620379
2022-08-05,Sgbzh Jhxdnp,gamma beta sigma sigma omega sigma sigma zeta alpha theta,3773,457.33,0.85776
2024-08-17,Cibcgbeq Uayuc,lambda theta beta omega alpha gamma,3741,332.91,0.903671
2023-06-14,Lqrwfdt Fioaho,lambda beta theta sigma lambda lambda,9436,421.33,0.911499
2022-10-15,Xbucmotf Sbeuuefp,sigma alpha alpha lambda theta lambda gamma sigma delta,7894,588.78,0.249872
2021-03-18,Ldzdwvqt Hsfopq,sigma delta gamma omega delta sigma beta,2054,531.6,0.547444
2025-02-12,Pfwjvfmj Vsmbyhg,beta alpha omega theta gamma zeta gamma beta beta,6256,166.32,0.560428
2021-10-12,Hrbq Tlxxhqzh,beta alpha zeta gamma alpha delta lambda lambda sigma lambda,6140,301.85,0.589725
2024-06-21,Fnbui Mzoaktrjb,alpha theta alpha beta delta zeta theta omega zeta,1322,112.21,0.469041
2024-02-12,Uflrnrpv Azwdodrr,beta gamma beta theta lambda delta sigma delta sigma lambda,373,751.86,0.152681
2023-04-03,Rgoseu Eklmrw,omega zeta gamma omega lambda,4124,171.81,0.551181
2024-04-20,Rcuwek Maswic,omega delta zeta sigma delta gamma,9073,148.27,0.486985
2021-05-18,Fldj Ixamu,lambda sigma theta lambda gamma lambda gamma gamma theta sigma alpha,6351,82.37,0.94498
2022-06-23,Ctaj Ohmibcv,lambda lambda theta beta sigma beta delta,5311,359.13,0.681223
2024-05-23,Zdrgfxny Irbdbiyf,gamma alpha omega zeta omega zeta,8312,931.34,0.316433
2022-05-15,Ripdslm Uegksde,theta sigma zeta zeta zeta,3806,647.26,0.577459
2025-05-26,Antj Paauxp,alpha sigma gamma lambda alpha zeta lambda alpha theta theta,8716,437.68,0.616676
2025-01-28,Uzwa Lzhdgaqc,omega alpha sigma zeta zeta zeta,4796,37.43,0.281338
2022-02-22,Mrapb Edckdltm,alpha delta alpha beta omega beta lambda,522,152.72,0.185578
2023-11-16,Kqnjfp Vilwk,theta sigma theta alpha beta,7224,297.76,0.464922
2023-05-29,Dzesiay Kzssyz,lambda alpha gamma alpha beta zeta lambda lambda,242,878.66,0.845266
2023-10-27,Sxhg Bqvrs,delta sigma omega sigma alpha delta beta sigma beta,7424,323.37,0.577084
2022-05-24,Zhfr Dwwqdzz,lambda beta gamma alpha lambda beta,863,746.65,0.035337
2024-01-02,Xmrhg Eingm,delta beta lambda delta zeta lambda lambda zeta,8621,564.78,0.94455
2021-03-06,Dpuklop Fbjoe,sigma zeta omega lambda lambda alpha gamma gamma zeta,6337,585.83,0.589521
2023-08-11,Ayoiu Iqbhg,delta beta gamma gamma sigma zeta alpha beta lambda zeta sigma sigma,4613,36.88,0.339344
2024-09-24,Lubduufn Hoopegsz,sigma theta delta gamma alpha beta gamma gamma gamma theta lambda,2614,731.75,0.906606
2023-08-15,Xmthqs Hhcvtu,zeta delta lambda alpha theta beta,9126,247.07,0.642949
2020-11-10,Vulqaadt Dtgfyqo,alpha sigma lambda zeta delta theta,407,707.62,0.97579
2024-03-01,Rukbcnn Twsmu,delta omega omega delta omega delta delta alpha,3117,715.44,0.097546
2022-08-26,Lseao Vcnsovu,omega alpha lambda sigma theta omega alpha omega alpha beta,7981,747.74,0.696961
2024-10-25,Zkrghrub Oeutcdmjb,omega gamma alpha zeta omega,6511,973.22,0.281533
2020-12-12,Jjkq Jeezk,zeta lambda beta lambda zeta alpha lambda theta,5751,320.34,0.110866
2024-08-03,Evzavkp Wiftlf,zeta theta gamma lambda sigma lambda,2746,469.98,0.810191
2021-02-10,Mykfekg Lzfmxpp,sigma lambda theta theta gamma theta alpha zeta gamma beta lambda theta,2625,767.64,0.251532
2020-11-30,Tgyxiqtu Hwohm,beta omega theta delta zeta zeta zeta alpha gamma theta theta delta,2416,52.81,0.156468
2022-02-20,Pitbpr Dolpqdakw,theta omega zeta gamma alpha omega omega theta delta beta beta,1881,901.49,0.858804
2024-09-02,Hehmkufc Lcgqh,gamma omega omega zeta delta,1356,951.7,0.583494
2021-01-07,Hlwmsoi Seadhsch,omega zeta beta delta lambda lambda,4230,378.9,0.468311
2022-04-01,Jmqm Iczxo,lambda gamma sigma gamma beta omega zeta beta zeta lambda alpha,6002,272.7,0.770753
2025-08-09,Jwrdxd Gdlvuyhuc,lambda zeta theta gamma sigma beta sigma,7352,51.17,0.446262
2021-10-03,Ctvzabh Fhqmk,beta lambda zeta theta gamma gamma lambda zeta delta alpha alpha,9208,288.01,0.806473
2024-04-16,Hhklo Naooogse,sigma omega omega beta omega delta delta theta lambda theta theta zeta,9483,694.63,0.742006
2024-06-02,Vhms Pqdcldza,delta sigma omega theta zeta theta sigma lambda gamma omega sigma,4477,467.0,0.100228
2025-08-06,Ohhtzwn Ntpldnjls,omega delta beta delta sigma theta sigma,5468,795.86,0.483421
2023-11-07,Wogzxm Wlirrgo,alpha delta beta gamma beta delta omega delta theta gamma,7051,823.25,0.082293
2025-10-05,Ftfptc Mubvpo,delta beta sigma alpha zeta sigma omega gamma sigma delta beta,7496,935.08,0.278404
2024-06-29,Sffdpvhy Nvcha,omega alpha sigma gamma alpha theta gamma theta lambda omega gamma zeta,5251,303.89,0.518118
2020-11-13,Snaqia Zxjhhx,gamma delta gamma zeta theta,7259,270.03,0.177836
2024-12-11,Wyaya Atsvwh,beta lambda delta theta beta alpha alpha sigma theta,2218,423.92,0.378002
2023-09-29,Rrmvtiug Sdzte,beta alpha gamma alpha delta delta,4418,229.08,0.058796
2023-04-24,Tditpvu Ernkmxao,alpha omega gamma delta zeta lambda gamma gamma gamma beta gamma lambda,289,860.82,0.912986
2022-07-28,Pogro Acszyq,alpha sigma beta lambda alpha omega omega omega lambda zeta alpha delta,1106,412.49,0.754849
2024-09-18,Fmzbmnvm Libbi,omega zeta beta theta delta lambda gamma zeta gamma theta,4227,803.63,0.520254
2021-04-14,Xqjnvz Rcawta,zeta gamma gamma alpha gamma omega omega zeta alpha,6438,619.33,0.597404
2021-08-15,Usoguj Lqackipcv,gamma zeta theta theta lambda lambda lambda beta omega,3458,94.23,0.354229
2023-05-16,Vsxeemm Pzgknrw,omega beta beta sigma zeta sigma gamma zeta,459,372.23,0.111156
2021-06-21,Qlyaoe Zcslc,sigma omega sigma theta lambda sigma,5143,854.46,0.420427
2021-03-31,Flazxvkt Iszeyxmt,delta zeta delta theta zeta,2632,836.67,0.107263
2023-03-09,Rxzss Xvqtx,sigma zeta omega beta alpha sigma zeta sigma beta omega,6577,429.42,0.255134
2021-01-17,Ckekh Qxdkm,delta theta gamma sigma beta sigma sigma lambda zeta,2162,860.05,0.263867
2024-02-11,Evnbat Ohxpok,zeta theta lambda beta alpha beta lambda omega beta,1544,207.69,0.009625
2021-07-06,Ylrxwk Hzsfx,theta delta theta alpha alpha sigma lambda theta gamma,5548,151.56,0.65187
2024-05-21,Ixdciubl Pnsyzpq,sigma gamma omega delta gamma zeta alpha lambda,7170,188.78,0.283235
2024-11-24,Efkl Elkza,beta zeta gamma sigma sigma alpha lambda lambda zeta theta,8980,198.71,0.613417
2022-08-20,Qiavunkv Hyimmmu,gamma lambda zeta beta zeta,3315,624.13,0.773639
2023-02-16,Wekrxv Licld,delta sigma alpha sigma gamma gamma gamma omega,6657,553.61,0.212232
2021-08-15,Qyhu Cptgmzh,beta delta gamma sigma theta lambda,3592,511.79,0.829423
2020-10-13,Sdeoi Bepsv,zeta lambda sigma lambda delta sigma beta sigma theta,5765,742.26,0.230244
2023-03-23,Epofojk Tepurycc,theta omega delta omega theta alpha,6160,440.3,0.713481
2023-02-27,Vevyx Pznuiwxv,zeta gamma zeta gamma alpha gamma delta omega alpha alpha gamma zeta,4648,985.94,0.655048
2022-03-05,Xzrofjr Rckakbvaq,alpha sigma delta sigma alpha zeta delta gamma zeta lambda,6168,598.29,0.976161
2025-09-27,Nnrnyz Swrkbvnj,alpha zeta omega lambda delta delta beta theta gamma beta,3993,973.95,0.126607
2022-03-07,Guvkxr Csvildguz,omega omega beta lambda sigma delta delta theta sigma zeta lambda theta,2848,210.1,0.189097
2023-01-17,Teke Bvlepyyt,sigma lambda omega delta beta zeta alpha zeta lambda beta theta,936,535.6,0.599151
2021-11-16,Kiiwo Eukicic,delta delta gamma sigma lambda delta delta beta sigma theta theta,7936,170.89,0.395365
2024-06-14,Gtkz Ovgsic,delta alpha alpha omega alpha lambda zeta gamma gamma alpha theta theta,8432,500.93,0.132452
2024-12-28,Cdativa Vyryavh,lambda lambda zeta lambda omega,4775,630.08,0.195298
2024-06-24,Ajvmdno Taameiyaq,delta lambda theta delta sigma,6773,496.74,0.582309
2022-12-13,Lbofm Vguhec,beta zeta lambda alpha lambda,8056,97.39,0.775053
2022-01-08,Cgrfart Wwisani,beta lambda beta theta lambda sigma alpha theta,7424,751.55,0.950991
2020-11-14,Ntij Ukiudw,omega alpha gamma delta omega sigma lambda gamma alpha,1578,391.3,0.137122
2022-01-17,Bsutwveb Wwchdai,gamma delta omega omega sigma sigma gamma beta,8848,86.76,0.065934
2021-05-10,Yfrhzwm Vpbhi,beta beta sigma delta theta alpha,9144,985.61,0.606055
2022-09-06,Oeef Ncoek,sigma omega zeta omega zeta gamma sigma beta zeta delta beta,6361,605.06,0.558314
2021-02-10,Qvkwp Rgccyxa,beta delta gamma alpha zeta zeta theta theta sigma zeta zeta,7841,917.13,0.193423
2023-03-19,Dzhetiox Ntoand,gamma beta omega lambda omega omega sigma,6236,482.35,0.780786
2023-10-14,Kwnx Ckdogx,delta delta delta gamma lambda omega theta zeta,8580,673.09,0.745508
2023-03-07,Ajveus Qdpdvdfzk,theta zeta zeta beta zeta theta lambda delta gamma sigma omega,7154,826.31,0.478127
2022-03-31,Xpyaee Oieeyxgip,omega lambda gamma theta gamma delta beta theta sigma zeta alpha,6402,402.77,0.608834
2024-12-18,Tigdfv Qavwagnn,zeta gamma beta omega sigma theta sigma,2685,557.39,0.764684
2023-06-19,Sswcuci Djiixsyfe,alpha zeta beta beta beta alpha zeta lambda omega,8100,693.33,0.926854
2022-02-20,Oarfwfgl Urnigpo,delta theta theta theta lambda theta theta lambda omega gamma sigma,8958,724.72,0.332464
2022-05-29,Lvapeu Gzhznm,sigma omega gamma theta omega zeta,5785,663.01,0.803522
2023-05-09,Ruxpfmjp Tzvlluj,gamma alpha lambda alpha alpha lambda lambda beta beta zeta,8662,456.13,0.164917
2022-11-06,Gsgnustm Aaniyrmx,sigma gamma omega beta theta,5796,732.13,0.861682
2022-06-04,Vfcylvs Nlpcvofv,sigma beta beta omega zeta lambda gamma omega gamma omega delta beta,8814,51.02,0.007204
2024-01-12,Pnhnymg Vzofve,omega gamma theta sigma beta lambda gamma beta beta,4809,524.89,0.6653
2021-06-20,Bxycj Fwoiew,alpha beta theta delta zeta theta delta lambda omega zeta theta,2105,320.02,0.024784
2021-07-13,Nsua Iusepa,beta omega omega lambda delta beta zeta lambda theta zeta delta lambda,3696,229.33,0.610986
2021-03-14,Fdud Nshrtphfh,sigma beta beta delta omega beta omega delta omega delta,541,682.35,0.272033
2024-03-06,Qnfi Gibbx,gamma zeta zeta delta omega beta theta lambda gamma,9164,487.88,0.486677
2021-08-30,Pkqdgcqd Ooxirezg,zeta alpha theta lambda alpha,7202,453.97,0.657883
2025-03-19,Lzqnj Ojsauf,gamma beta alpha alpha zeta omega alpha alpha alpha,4871,287.73,0.989647
2024-06-25,Phzkmrao Dxkfrbwt,sigma zeta theta beta delta gamma alpha theta beta,3042,792.88,0.897402
2022-04-27,Iydlb Pyzozfu,beta delta alpha beta theta lambda omega lambda beta sigma theta delta,4635,14.09,0.332733
2025-01-02,Mrfysm Ryxpst,theta alpha zeta omega beta sigma sigma zeta lambda gamma,8927,213.41,0.810288
2022-09-01,Caqdi Lnmrrwjgv,sigma zeta sigma theta omega gamma,2005,729.38,0.474723
2023-03-17,Bylnb Jlurizne,lambda sigma beta sigma omega theta alpha delta sigma zeta,4744,954.09,0.080547
2025-05-04,Uznlp Rmewrhdox,zeta theta omega beta zeta theta beta lambda,883,351.64,0.510736
2021-05-07,Dadw Wojrpr,omega theta theta omega beta omega omega gamma gamma zeta alpha,4725,270.55,0.893783
2021-11-23,Xjbbxyyj Hiysbzgh,delta zeta alpha gamma beta sigma alpha beta,8243,441.83,0.536522
2024-03-07,Nwkr Dgdbx,beta alpha sigma alpha beta sigma beta alpha sigma omega,9169,166.44,0.811701
2024-09-20,Ixrewb Rjpnsgew,delta zeta omega sigma alpha omega zeta omega beta lambda theta,9863,175.43,0.160226
2025-06-26,Pfpsm Rkjxabkgi,gamma omega theta beta sigma gamma lambda zeta gamma beta lambda delta,298,217.1,0.74561
2021-09-03,Vqfwx Xzboum,beta omega sigma gamma gamma beta lambda alpha delta lambda,3246,840.87,0.67757
2021-08-28,Oamg Lfknlrx,omega theta gamma theta alpha gamma,238,741.37,0.030667
2024-04-28,Mczzapdm Uavtgxjmt,gamma omega alpha gamma omega zeta beta zeta gamma theta lambda,6900,506.01,0.056087
2021-10-16,Cdtemq Qlmhpiww,theta gamma omega beta theta gamma sigma theta lambda delta delta zeta,3827,317.27,0.36989
2025-08-10,Gxdyxop Ezanh,delta gamma alpha sigma theta delta omega lambda sigma alpha sigma,9836,328.19,0.640945
2023-10-07,Pmvtx Ycqjlo,omega zeta omega beta beta theta gamma beta omega zeta alpha,9645,893.05,0.552513
2024-12-20,Ejtheqz Tbjcpbb,theta sigma theta alpha lambda sigma delta,6179,704.46,0.593793
2020-10-31,Wbnb Hzhshb,omega sigma alpha beta sigma delta,9170,713.67,0.781583
2024-02-16,Thyl Fufpyysk,beta sigma omega lambda alpha,2326,267.1,0.721317
2023-07-27,Aesg Mwygntosh,sigma beta sigma lambda omega zeta zeta,2853,302.72,0.871617
2024-07-22,Mxnxm Iznizq,alpha zeta zeta gamma beta delta gamma zeta zeta delta,5566,179.85,0.105668
2023-12-25,Jmnywoi Dssgk,theta zeta theta lambda sigma sigma sigma theta gamma,4212,774.72,0.649729
2025-08-08,Rjpoynip Yzfik,lambda lambda sigma zeta sigma alpha beta omega,3760,915.78,0.253026
2024-12-31,Qdwrm Syvoi,sigma beta lambda lambda alpha,354,612.63,0.938612
2022-05-29,Yzdy Txmjzwy,lambda lambda omega beta zeta theta zeta,4879,230.67,0.897202
2025-05-23,Nufabmy Cpkxxnbwh,sigma zeta lambda beta sigma alpha,1989,636.87,0.98028
2025-05-05,Kwojvx Dwpjb,zeta delta delta gamma zeta sigma zeta omega sigma,6622,985.45,0.788047
2021-05-04,Bzrn Jymrymwco,delta zeta sigma gamma theta gamma,4915,195.86,0.978912
2025-04-14,Zmava Dsjmsln,gamma lambda delta lambda sigma sigma,2679,465.39,0.041086
2025-05-10,Cxxbcv Puqffs,omega omega sigma alpha gamma alpha omega sigma gamma beta sigma omega,4804,343.84,0.419871
2021-04-13,Dnbko Xevzk,theta omega gamma sigma alpha omega lambda alpha lambda theta gamma sigma,8352,968.63,0.641259
2021-09-08,Xigodids Aoxndyjpd,sigma delta lambda omega sigma zeta omega zeta alpha omega gamma gamma,2533,410.02,0.727679
2023-11-08,Mqbc Bvkbl,gamma sigma omega delta gamma gamma gamma gamma alpha zeta sigma lambda,6047,495.84,0.175266
2022-09-03,Igpfpcwd Omflcyk,gamma omega gamma beta sigma beta omega omega zeta,6524,736.44,0.771697
2023-09-07,Vikwduxa Yvkckyzi,theta zeta alpha omega gamma,6587,817.78,0.152296
2023-05-05,Lyaxsuqa Phclvpzx,theta lambda theta sigma omega,5950,770.72,0.288495
2022-12-11,Qissizq Vbzuvok,gamma zeta beta alpha gamma sigma zeta alpha beta sigma beta alpha,5177,398.17,0.587421
2022-08-14,Eaxtllh Psfwtkylc,beta zeta omega sigma sigma theta beta omega zeta sigma beta delta,9922,207.68,0.250449
2023-04-12,Tfnzvrfb Vzniavw,alpha theta gamma alpha delta gamma,8961,843.35,0.788871
2022-09-06,Srmfvn Vrxxyd,omega alpha alpha alpha beta,3254,602.38,0.168775
2024-08-07,Kpkt Vhvvkmm,alpha theta delta omega omega lambda theta,5623,113.64,0.105034
2025-05-25,Zcfwyddu Mcocc,lambda lambda omega gamma alpha delta lambda gamma,4921,949.22,0.389275
2020-10-28,Wckj Qhapezfjd,omega gamma theta theta omega beta omega alpha,5872,880.05,0.389456
2022-08-03,Cwqwjlyz Votsy,gamma omega lambda theta alpha lambda sigma beta beta gamma zeta beta,3011,983.74,0.541969
2021-03-22,Ttozsve Vtubm,lambda delta alpha delta zeta,1722,753.51,0.967503
2021-03-05,Fnmcebe Bcjceu,gamma zeta delta alpha alpha beta beta,9153,684.32,0.672623
2025-01-20,Gxlglqq Uqvvhhqs,delta sigma theta omega theta gamma beta alpha,3778,193.38,0.197784
2021-10-26,Redi Jyetb,lambda zeta gamma omega lambda lambda alpha alpha omega sigma,4278,815.36,0.085181
2020-12-20,Rrrlqg Timzja,beta zeta zeta lambda lambda zeta,1087,264.97,0.445397
2023-05-03,Rdykzh Mewtcskay,beta beta theta omega lambda alpha delta gamma,5451,278.84,0.13083
2020-11-14,Uind Brook,alpha alpha alpha theta lambda delta beta theta theta beta theta,8662,256.51,0.871878
2024-07-25,Ghdx Vdcrmq,lambda zeta sigma sigma delta beta lambda,7978,674.67,0.559066
2022-03-12,Lvbunrqk Mcjxrcplg,omega omega theta beta omega gamma zeta lambda delta,664,397.42,0.699879
2023-04-20,Orlsuuo Pihtfxod,alpha gamma lambda alpha zeta gamma lambda delta sigma gamma,5117,118.24,0.043676
2021-01-06,Jfhsmyi Pqeyosuvw,omega zeta zeta alpha sigma delta zeta delta omega lambda,1255,739.08,0.411295
2023-07-22,Ixplqy Brdpd,delta delta zeta beta beta omega zeta,3251,584.17,0.639465
2022-09-28,Jkbzgmxs Rysnv,delta delta delta zeta theta zeta beta gamma zeta delta,8410,383.14,0.919673
2021-03-17,Ozinr Jdblqe,alpha sigma zeta omega alpha sigma alpha omega delta gamma,7462,264.51,0.340799
2024-05-24,Swjokuo Adjmir,lambda gamma gamma omega sigma zeta sigma theta lambda sigma,3662,776.94,0.662393
2025-07-26,Xmkckc Jslyqh,delta omega theta theta zeta beta,9875,124.16,0.520254
2022-07-27,Wnmv Vcofcnh,gamma omega delta beta beta sigma,8152,727.83,0.605174
2021-08-15,Abidbm Bmdneh,beta alpha delta beta zeta omega,9846,213.97,0.382834
2021-01-14,Lxhg Acovngevg,theta theta gamma omega delta delta sigma omega omega,4365,340.25,0.885067
2023-03-20,Zhqrdk Rdeja,alpha beta omega gamma alpha zeta sigma lambda delta,2875,490.4,0.916012
2022-02-13,Jjkwg Ufkhli,gamma lambda alpha beta beta sigma gamma alpha delta theta omega omega,5511,920.51,0.93827
2020-11-17,Qpei Exedyh,zeta gamma delta gamma zeta theta omega beta sigma sigma theta,4171,146.22,0.421793
2024-09-08,Xoklhq Gjnocm,sigma zeta theta delta gamma zeta,5554,230.89,0.68718
2024-03-11,Iayvvv Jhldp,sigma alpha delta theta omega sigma lambda omega,1194,995.83,0.059189
2023-01-11,Cppennlq Ynaptgb,sigma omega theta gamma zeta beta zeta theta beta theta delta,1554,140.7,0.643257
2023-11-15,Gdqra Zynbhf,zeta zeta omega theta zeta gamma lambda alpha omega,1779,842.03,0.373322
2021-08-06,Cypjg Sgiatibe,omega theta beta sigma omega gamma delta lambda beta omega sigma,2127,702.25,0.177496
2021-08-03,Eokpgfj Iivuc,beta theta delta theta gamma sigma zeta,5262,995.11,0.239233
2023-07-07,Dffydzxt Avcfy,gamma delta omega theta sigma theta beta delta gamma,5632,611.94,0.368208
2025-04-29,Snnzetv Fhqiac,alpha theta zeta alpha gamma lambda omega alpha,8819,707.31,0.960199
2023-05-29,Uppxqrx Tndfk,sigma theta theta zeta zeta,7418,107.59,0.695766
2021-10-26,Zujwov Zuqtz,beta zeta theta gamma delta alpha lambda lambda theta lambda omega,2203,828.46,0.445534
2021-08-05,Negurkoz Smtnaxx,sigma sigma lambda alpha beta delta theta,7229,717.06,0.843264
2021-01-24,Lxnhu Vfqaf,lambda sigma beta alpha lambda theta delta delta,384,828.24,0.715241
2023-02-06,Fxeemgr Ncgmzih,delta gamma theta beta gamma gamma lambda,8936,982.97,0.318204
2023-11-27,Zmkjzrui Bfduhl,beta lambda lambda sigma theta alpha alpha lambda omega alpha alpha alpha,937,521.83,0.359745
2023-09-17,Ablappki Rhktrnnk,omega lambda gamma alpha omega omega gamma zeta,1580,929.91,0.303399
2023-08-29,Veyrpxtm Zphmkeslq,gamma lambda omega theta beta sigma delta delta,3925,245.08,0.972941
2025-07-22,Speej Jfoyo,gamma lambda lambda lambda zeta alpha lambda beta,8362,689.81,0.140525
2025-09-28,Vrau Mdysk,lambda beta theta lambda gamma omega sigma gamma gamma sigma,7132,172.97,0.134036
2022-11-17,Kutlrb Lgdktaf,omega zeta lambda sigma alpha zeta beta theta lambda,7521,612.22,0.187988
2024-12-21,Hogfdr Eoqazrwhl,gamma delta theta omega lambda theta alpha delta,2637,319.71,0.947838
2025-02-07,Cjxzzxi Yqsza,theta alpha theta lambda beta delta beta omega theta,393,536.16,0.54363
2023-10-05,Eavsbea Oyymrzl,zeta zeta gamma lambda beta delta lambda,6900,347.62,0.970182
2021-02-24,Hwbcfw Vgognulo,lambda beta omega alpha zeta theta lambda delta omega omega gamma delta,7723,111.37,0.905046
2023-04-28,Ymiek Sefeyac,sigma zeta theta alpha beta beta alpha gamma omega,8917,182.85,0.88267
2025-10-02,Sflpvdt Nylqyo,beta sigma beta sigma delta omega,5369,486.86,0.362715
2021-06-04,Cnltjat Eckcig,lambda lambda delta gamma zeta lambda beta theta gamma,8047,426.66,0.529179
2021-11-17,Yhqirnxr Iqgfu,theta zeta theta theta lambda lambda omega alpha,5704,589.85,0.469751
2024-03-26,Hwkddcu Fjdzkc,omega delta beta omega beta gamma gamma alpha beta lambda lambda delta,7028,169.55,0.961296
2024-07-30,Ztjrds Ecddu,zeta beta delta gamma gamma beta gamma omega alpha omega,7361,342.96,0.326435
2021-12-23,Eguwtcpy Izsxvpmm,lambda zeta alpha sigma gamma omega gamma alpha delta alpha,9153,154.66,0.784319
2024-03-31,Imsopmzx Xmxelyu,gamma lambda beta alpha lambda zeta alpha zeta lambda,8726,278.82,0.005444
2023-06-24,Wseeww Eesrm,delta gamma alpha beta zeta omega lambda,9186,731.23,0.854151
2021-07-28,Hpno Svmlu,beta delta zeta gamma alpha beta theta delta omega,934,771.62,0.744972
2021-01-17,Ixfo Hcaxsyoaw,alpha delta beta alpha lambda lambda,4856,410.46,0.027344
2024-12-12,Ekmpkzos Rqxrhn,lambda lambda lambda omega theta lambda delta zeta lambda omega omega alpha,6561,48.65,0.37556
2025-09-15,Dxrd Xmvcrdmw,alpha theta sigma lambda zeta,3192,915.31,0.626371
2024-06-13,Vsle Dtfnkrk,beta omega alpha lambda omega,9577,210.38,0.36449
2022-09-28,Rqodgbuh Atmaw,omega lambda lambda omega sigma gamma,5451,986.4,0.985908
2024-09-09,Ouokmsqb Eyoatlfq,omega delta sigma sigma zeta gamma delta theta zeta,2018,66.75,0.423531
2021-01-10,Fxva Hbogzshl,theta delta delta gamma gamma gamma,8856,917.33,0.558474
2022-05-31,Zmaor Rnooc,sigma lambda omega alpha lambda alpha theta omega omega omega,5369,746.01,0.405751
2021-05-14,Edqbigx Czrppi,zeta theta sigma zeta gamma delta,7100,183.68,0.465948
2023-04-03,Oodarps Nwfyqzjil,theta delta delta omega theta omega beta,3629,257.24,0.735703
2021-01-06,Drdlgbl Vqwqvwnhu,lambda lambda zeta zeta lambda beta theta delta theta delta delta zeta,6976,952.23,0.433497
2023-02-03,Qmsje Musam,sigma alpha alpha omega alpha alpha zeta zeta beta delta,9897,443.2,0.81563
2021-03-05,Jsaavfz Ytbtx,beta delta theta sigma gamma lambda gamma delta zeta,5522,34.29,0.893367
2021-11-23,Htxvc Xjgubnqbv,omega omega lambda theta theta gamma sigma lambda zeta beta zeta,2291,95.44,0.236815
2022-12-10,Wcvz Traigt,alpha beta alpha zeta alpha theta delta lambda omega alpha,9980,867.24,0.974252
2025-06-25,Svsjd Uwfkiiaz,theta zeta gamma lambda omega lambda omega,4955,102.22,0.934612
2023-03-02,Frbbuwn Pluilf,alpha alpha beta gamma theta omega gamma zeta gamma beta alpha,4122,672.78,0.033195
2024-11-14,Hphebn Vebqul,alpha delta theta lambda theta theta delta,3691,902.34,0.66759
2025-01-30,Wqaq Ibxpkppyn,delta omega lambda zeta delta beta beta lambda lambda gamma delta lambda,2420,644.9,0.811534
2022-10-13,Xmqupr Dpttttf,theta delta delta delta gamma sigma,5175,57.05,0.968198
2021-05-03,Adyltj Zyjgjx,lambda beta sigma omega sigma beta omega lambda alpha,4980,971.58,0.024421
2023-10-05,Vtam Fyjzvi,zeta alpha theta zeta alpha gamma theta theta,1152,819.83,0.256909
2023-03-27,Uvrigdsa Gjzhjj,sigma alpha lambda zeta omega,5903,603.55,0.46642
2024-11-28,Njstbwfw Umdgltg,omega alpha delta alpha zeta lambda sigma,1638,570.5,0.059971
2022-03-01,Tvsny Etgjs,alpha alpha lambda zeta delta zeta alpha theta beta lambda,9428,57.89,0.692183
2023-12-08,Xgtgshvf Cgkfr,sigma beta gamma zeta theta sigma,9428,269.08,0.412571
2024-03-26,Brxpjrk Dispv,gamma theta omega alpha alpha alpha omega lambda omega beta alpha zeta,5072,77.23,0.785689
2022-11-10,Askrucy Wdtxt,zeta delta delta omega gamma,1569,285.75,0.177444
2025-06-01,Iwxhz Pumbar,gamma delta theta gamma sigma gamma theta sigma gamma,6985,639.57,0.913969
2025-04-18,Qirllibf Uzwxwyggu,beta zeta theta sigma theta omega delta delta beta delta omega lambda,526,337.19,0.265428
2025-05-28,Jccdhf Ymnzoxh,sigma zeta omega alpha sigma gamma alpha delta zeta sigma lambda gamma,4334,797.18,0.675902
2021-01-16,Xgpsb Gavuiz,sigma lambda lambda zeta omega,3942,426.44,0.446506
2021-01-02,Houchq Okxwrhh,beta alpha delta lambda gamma delta gamma sigma theta,4043,674.19,0.569313
2020-10-28,Dljpw Dkonpxqt,sigma beta sigma zeta gamma gamma lambda gamma,8763,235.13,0.72241
2025-05-27,Foasbu Qnsyty,delta beta zeta theta delta lambda beta zeta alpha beta beta gamma,3153,872.64,0.371049
2021-02-21,Pzbz Egouye,zeta alpha theta lambda theta alpha,2076,69.46,0.1972
2023-03-03,Kbxeqa Fdlogbkcq,delta sigma lambda beta sigma alpha,2406,296.03,0.40507
2025-02-04,Pswr Dcnotwvt,theta theta lambda gamma sigma theta lambda,9893,637.59,0.149638
2022-03-14,Xvhlja Fwdeg,omega omega beta sigma omega beta omega,8381,229.44,0.171905
2023-02-09,Mkmoz Dlmyamgtb,gamma alpha theta beta beta beta lambda omega,7340,916.81,0.861087
2023-03-05,Jesvxhj Zcohfmj,beta zeta lambda omega lambda sigma,8724,916.43,0.039691
2022-03-12,Isulzjf Tunnpnckp,theta alpha delta omega gamma lambda omega beta sigma omega zeta,3643,305.66,0.392238
2025-05-14,Cuuztyk Bzyqvk,gamma alpha beta alpha theta,817,594.67,0.546897
2022-04-28,Bresgjxc Bsgpfoae,omega gamma omega beta lambda delta gamma omega omega gamma omega,9034,74.79,0.75434
2022-09-30,Alwkh Nbebkqe,sigma theta omega lambda beta beta beta,6531,982.86,0.392245
2025-03-10,Hijnkjok Mircyam,sigma lambda zeta omega beta omega theta gamma alpha lambda zeta sigma,8731,130.69,0.839539
2025-01-06,Pijlcbq Qjxkcwm,delta delta theta beta delta gamma sigma gamma,9231,772.14,0.030608
2025-03-25,Rqurjly Cizkoqncv,theta beta theta zeta delta beta theta gamma zeta gamma,2042,543.08,0.268213
2022-06-08,Cprgx Zuvqrz,omega omega lambda lambda beta alpha lambda delta,6590,957.53,0.594519
2023-01-08,Pdfxsyo Forchnfg,lambda gamma theta theta gamma alpha delta theta gamma sigma zeta,3526,735.76,0.321013
2023-01-08,Qjenids Vsxfk,sigma theta zeta sigma delta lambda delta theta zeta sigma alpha delta,9416,623.86,0.544676
2024-01-25,Rrbnvuc Seqel,zeta alpha delta alpha lambda zeta theta lambda sigma,7984,80.08,0.272026
2024-03-22,Zrmyi Glmppa,alpha lambda delta alpha lambda zeta theta beta beta alpha,6022,544.29,0.361269
2020-11-26,Ltld Hydzkyp,alpha lambda sigma lambda alpha gamma zeta theta omega lambda beta,4473,856.82,0.733249
2020-10-07,Wzoagq Jumhsox,alpha sigma sigma delta lambda theta,8104,446.83,0.703151
2022-06-25,Vbvr Onqjdsy,omega beta delta lambda alpha,3965,681.81,0.493218
2025-09-17,Zulcnlt Hngeapu,zeta zeta gamma gamma beta lambda alpha delta,1025,195.81,0.505252
2025-07-24,Qkzluimq Clyvc,beta lambda sigma beta zeta zeta zeta lambda omega sigma lambda,5004,260.49,0.202812
2024-01-15,Wzwxgngr Bwuqkxyuq,sigma alpha theta delta theta gamma sigma,5828,659.1,0.973991
2021-09-22,Jlapr Ffyyn,alpha lambda beta omega omega,7944,105.77,0.330968
2020-11-28,Eusbc Qoxxwv,theta theta theta theta beta sigma theta sigma beta lambda beta theta,9849,851.5,0.374268
2024-05-07,Srjykk Qjyhb,theta theta sigma beta alpha alpha beta sigma theta,3491,297.27,0.494753
2021-06-08,Lxde Vgkpvwqws,alpha alpha theta sigma delta zeta sigma omega lambda,9699,932.44,0.554168
2020-10-11,Twtxvs Afcnta,alpha gamma sigma delta theta beta zeta beta sigma omega theta beta,1743,728.35,0.872057
2023-03-13,Hxqy Sdppp,sigma delta omega zeta sigma delta beta delta omega omega,9500,232.13,0.095843
2024-02-06,Pfwt Jmzqy,zeta lambda lambda delta omega omega zeta beta theta alpha lambda,1437,779.15,0.146598
2020-11-13,Vbujhkd Rwxtiyzx,sigma alpha gamma sigma zeta alpha omega gamma,8528,305.93,0.054421
2023-03-24,Rieworwf Igcxjd,omega gamma alpha theta gamma omega,1536,905.19,0.481361
2021-10-17,Yehdeuzo Qsoqaifi,beta gamma gamma delta omega theta zeta beta,5637,773.27,0.947162
2022-07-15,Nzxbgzpr Dwhvm,lambda omega omega omega alpha theta zeta delta lambda gamma beta beta,9407,49.7,0.932349
2024-08-01,Xpdgtlw Gwpiqh,theta theta theta beta theta alpha zeta sigma delta beta alpha,6411,90.36,0.262487
2023-08-23,Sucngbs Ycvzmfgf,delta beta alpha gamma beta delta lambda,3905,962.71,0.562989
2023-06-05,Wmvt Ogshw,gamma delta delta gamma delta gamma lambda,9799,608.95,0.28297
2021-01-04,Eulurpbj Uwlrgywjy,lambda delta omega zeta sigma,1253,913.69,0.940956
2021-06-24,Iylora Yvuwcpw,lambda sigma omega alpha sigma theta omega lambda theta theta zeta delta,3950,732.58,0.209697
2023-08-24,Upjgkw Guwxkqx,beta beta gamma theta omega beta lambda omega alpha delta zeta,9835,381.23,0.196382
2022-12-04,Aqbyz Tdisuyhka,delta gamma alpha theta theta beta gamma theta gamma delta,8237,342.41,0.340983
2022-09-20,Pytateul Zghkpse,theta sigma alpha beta alpha theta alpha,1734,368.63,0.015515
2020-11-25,Shdv Uypmsri,gamma zeta delta delta delta,8412,662.5,0.191709
2025-04-09,Weypdi Wfmtksutf,beta beta delta omega theta gamma zeta theta omega delta,5571,251.5,0.082223
2022-10-28,Jtnwe Etpbv,omega theta beta gamma omega alpha theta,6573,455.63,0.827306
2025-05-03,Qljaeq Wtceimb,sigma zeta omega omega zeta theta delta,6993,333.7,0.583775
2024-10-21,Bftbmxy Govgzhb,lambda delta beta alpha delta theta gamma zeta alpha sigma zeta,1300,84.35,0.545831
2022-01-11,Iffuwp Ogceafmgn,beta lambda lambda gamma theta delta sigma theta theta,7934,516.82,0.65515
2024-01-20,Feubdswm Uknzcxd,omega lambda gamma sigma zeta zeta,5760,91.99,0.109018
2024-06-29,Dshcborv Kszlhrc,delta omega gamma omega lambda sigma omega zeta zeta beta,1161,569.34,0.217379
2022-09-18,Yibbzn Zafysbmw,lambda zeta delta delta delta zeta,9921,28.8,0.161024
2023-03-13,Kopaykfe Vzgibbusl,beta zeta gamma theta omega,3552,787.98,0.005943
2024-07-08,Fphgqimp Xhdqwvqn,delta sigma zeta sigma beta gamma beta alpha gamma sigma delta,7551,117.24,0.980971
2022-12-22,Hbcadrf Inzrs,omega theta theta delta delta beta sigma beta zeta,9546,228.03,0.514188
2022-07-26,Dndncr Qvybbqt,lambda alpha theta gamma beta alpha sigma delta sigma zeta sigma sigma,8792,700.73,0.303622
2021-10-08,Byvcrmv Kfnzctzgj,beta theta alpha omega delta lambda gamma theta alpha delta,8693,321.25,0.402243
2024-05-29,Lxub Qxvhkaqg,delta alpha omega theta sigma beta gamma omega lambda alpha omega zeta,2263,500.86,0.520542
2024-02-24,Tlph Ftgkve,alpha beta theta lambda beta gamma gamma sigma gamma gamma,3173,375.68,0.747143
2024-06-15,Bsjvjxrx Mofon,delta sigma lambda alpha gamma lambda delta,9510,981.55,0.803546
2025-01-26,Fkpy Aybgv,zeta sigma sigma gamma theta gamma delta omega lambda,2682,626.16,0.389359
2024-02-24,Unynwut Wlefjbpmd,lambda lambda zeta lambda zeta,3617,603.7,0.091681
2020-10-21,Kzzziia Ualoy,omega lambda zeta beta gamma alpha alpha alpha sigma delta omega,1864,929.69,0.500516
2023-06-11,Soyy Njltvn,zeta delta sigma delta omega,1668,186.21,0.686194
2022-08-18,Vkcyd Idgbzfcz,theta sigma gamma gamma sigma theta delta omega delta,8518,735.06,0.22031
2022-02-12,Wmqjl Cyyklsfr,sigma alpha theta beta theta delta lambda gamma gamma,853,749.92,0.069548
2022-08-16,Amqlj Ftkfyrlo,zeta zeta theta delta beta delta lambda zeta lambda theta,9918,496.73,0.688842
2023-07-10,Bujlgmt Knloewmzr,zeta gamma delta delta omega zeta delta delta,4064,784.19,0.056508
2024-06-14,Xjxyy Fdgdtry,sigma beta omega alpha omega sigma omega,9033,276.32,0.237519
2022-10-06,Lbxch Onrgzk,alpha zeta gamma omega sigma beta,9850,837.47,0.574666
2021-09-12,Xyahk Bvavux,beta theta alpha lambda theta,7448,390.71,0.408948
2024-12-29,Jdlyh Wbgpw,omega beta zeta lambda delta omega,9793,658.16,0.407736
2024-03-09,Cjxbxf Ooywirqn,alpha sigma omega beta omega omega gamma beta zeta beta,8592,521.95,0.420612
2023-08-07,Soexwg Mcgztdud,theta beta gamma zeta theta omega,8348,891.12,0.149362
2023-01-13,Pcrcbgo Gcwoxzxo,omega alpha lambda gamma lambda lambda zeta,2777,114.44,0.623292
2021-12-13,Jenla Dplyni,zeta lambda beta theta alpha gamma omega zeta,4124,542.17,0.461523
2024-11-15,Exma Kzaylrjvy,delta beta beta alpha lambda omega beta sigma,7515,771.19,0.974777
2024-09-04,Szjji Agcbggwvh,alpha lambda theta alpha zeta omega alpha delta alpha zeta zeta gamma,1949,639.75,0.769255
2021-12-06,Uhcmrk Yovuh,alpha omega beta theta gamma gamma zeta beta lambda zeta sigma sigma,2350,120.26,0.051111
2024-02-17,Uhltwqqn Tfvkvzsus,theta delta zeta alpha theta,3627,108.58,0.318407
2021-01-29,Hfbz Hcknbfxo,beta theta delta theta theta,2758,469.14,0.937152
2024-10-27,Oyrfmq Mptkpygq,alpha delta gamma beta omega gamma alpha,6088,894.65,0.160632
2023-09-03,Qddu Desrb,theta lambda beta theta alpha gamma gamma,4190,194.3,0.055322
2023-07-07,Zbtqi Bkejkq,lambda delta beta lambda lambda,9824,633.52,0.618927
2025-06-30,Kyacl Vjxloyxe,delta zeta zeta omega sigma beta omega omega zeta omega zeta,5369,174.43,0.108167
2024-07-25,Osjw Irprbl,alpha lambda delta alpha gamma theta theta alpha zeta sigma lambda,9463,440.22,0.547034
2022-06-29,Ooed Ukwczx,alpha gamma alpha gamma delta theta sigma sigma alpha beta delta omega,6160,285.8,0.994732
2023-03-16,Tmexmqtk Shcuyh,sigma lambda zeta sigma delta lambda gamma zeta delta omega,9376,966.21,0.948902
2025-08-25,Lbkaeue Idqpybk,omega beta gamma sigma theta lambda sigma omega beta,5939,794.71,0.360372
2024-05-27,Usfdzn Fdztzyqst,delta zeta omega sigma beta sigma lambda,3109,87.66,0.134307
2021-07-09,Jyguenyo Usovmx,delta delta beta lambda omega alpha,2091,264.22,0.209029
2021-10-26,Sobzni Ciraot,theta alpha alpha lambda zeta alpha sigma sigma alpha omega,9448,330.86,0.657912
2024-02-17,Lcibnrc Xfxfez,theta beta sigma theta lambda theta alpha zeta lambda alpha omega delta,2010,947.27,0.10646
2024-09-17,Zrrxe Qxpxay,beta sigma theta alpha beta alpha,7577,274.62,0.686731
2021-07-31,Equgsw Dpxyhlfzo,gamma theta gamma omega delta omega theta lambda zeta theta gamma,5211,968.3,0.816001
2020-11-03,Mydqzw Jirunwue,theta beta zeta beta delta,3770,909.96,0.576383
2025-02-17,Xymvptyq Gthddy,sigma lambda alpha sigma delta lambda sigma omega beta gamma lambda gamma,3175,472.35,0.096593
2025-09-11,Btlckqj Dwljyl,omega lambda omega sigma beta delta sigma theta delta sigma,1929,981.42,0.477562
2022-02-07,Ftixfn Gvdiiwjk,beta alpha zeta delta zeta delta delta alpha theta theta delta,1559,466.3,0.989088
2025-04-21,Vdfvb Wzrfbnerr,beta zeta sigma gamma sigma theta lambda beta delta,4084,841.01,0.706855
2021-02-10,Romnnzs Hojrctwu,lambda beta theta sigma beta alpha theta delta,7657,242.97,0.373989
2022-10-25,Rtyzqrx Zleoiuzcw,beta omega sigma sigma delta gamma lambda omega beta,876,55.41,0.470401
2021-06-29,Cwio Mexdf,theta sigma gamma delta theta gamma gamma omega beta,8674,595.9,0.856263
2021-03-07,Nmphj Jkesbvyn,zeta gamma alpha omega zeta omega gamma,9222,149.04,0.910483
2020-12-08,Bgtoagvu Jplgjcwk,omega theta omega gamma theta beta,3226,721.24,0.96869
2021-06-18,Usmf Lmwxbuxi,beta beta omega beta lambda sigma beta beta sigma gamma,2959,750.57,0.607934
2024-11-05,Tlatsz Tgbmurzw,delta sigma lambda beta lambda delta delta theta,7378,84.16,0.353728
2021-08-03,Hijtyieo Jmonihgp,zeta alpha delta zeta sigma omega lambda gamma gamma gamma sigma,9491,495.3,0.44467
2025-07-27,Feubco Xjeimxk,beta delta gamma alpha lambda delta lambda sigma zeta,588,649.63,0.892352
2021-02-25,Mnimmp Uxgzv,gamma alpha alpha theta beta zeta,5890,140.09,0.057493
2022-06-22,Vyqkim Xteps,zeta delta lambda omega sigma beta alpha sigma delta omega gamma alpha,2450,419.74,0.689306
2021-04-14,Jmzzpq Jgthecxi,lambda theta gamma sigma alpha beta delta gamma gamma beta,6870,823.57,0.69021
2024-05-27,Efzei Czlapp,theta gamma beta sigma zeta omega zeta alpha gamma,4019,577.35,0.013253
2023-08-01,Cqmaw Lrartazex,beta gamma alpha sigma omega delta beta alpha lambda delta theta lambda,3780,265.63,0.054965
2021-01-31,Xqzduvcx Octucapca,beta zeta theta zeta zeta alpha gamma,1360,404.21,0.901499
2023-09-01,Rttnp Ljcrczvv,beta lambda delta alpha lambda delta delta theta,9063,231.61,0.68009
2024-10-03,Fttifk Qcbiihgo,theta lambda zeta delta zeta omega gamma beta delta lambda sigma omega,6823,875.16,0.615148
2024-12-24,Npxu Rcxat,delta theta zeta zeta zeta gamma,7312,823.35,0.140143
2025-02-21,Kwkjad Tajprb,beta theta delta zeta lambda sigma gamma,9083,133.57,0.13307
2024-07-04,Ktcj Zverqrwrq,omega zeta alpha zeta sigma alpha zeta zeta,7532,872.84,0.449173
2024-06-17,Mrgfthzo Rutgvy,omega beta zeta sigma delta beta delta delta omega gamma theta omega,9204,487.04,0.612107
2023-02-08,Nytj Clppr,alpha gamma gamma gamma lambda delta theta,1621,481.21,0.615146
2023-04-01,Pmtqzo Vjfsywy,alpha zeta theta zeta zeta theta gamma lambda alpha sigma delta lambda,5116,399.02,0.735628
2022-03-03,Hggv Vhucwu,theta sigma alpha sigma delta alpha theta theta omega lambda gamma,4537,870.22,0.883602
2022-09-09,Clpr Tujiw,delta omega lambda sigma alpha zeta alpha,9111,647.92,0.217747
2023-01-07,Gkctklr Ftrndhy,beta gamma omega omega lambda zeta alpha delta,3141,784.48,0.27366
2025-01-06,Nkrnmw Kftwfiwlt,beta sigma zeta gamma beta omega,7849,340.43,0.647906
2020-11-05,Gwwicwto Dqsawirfj,sigma delta sigma delta sigma lambda theta theta,7198,654.15,0.643951
2022-08-12,Gqntnug Upralqa,lambda theta omega delta omega,2641,67.85,0.277719
2022-01-22,Hvpu Wjpawd,zeta delta beta omega alpha gamma beta gamma,839,185.26,0.826566
2022-07-21,Ulyw Xymibpzf,gamma omega lambda delta alpha alpha omega beta gamma alpha zeta,4479,360.35,0.477013
2023-04-07,Yqxfssa Twzrydjlv,alpha omega sigma omega omega omega,2910,762.48,0.15108
2023-02-18,Znuqum Nmtgu,omega alpha gamma sigma alpha gamma alpha omega delta lambda alpha,917,134.21,0.865533
2024-09-23,Jknhltt Akxmbdda,zeta zeta omega sigma delta delta delta lambda gamma lambda sigma,7421,212.14,0.698157
2023-06-01,Xmhoyo Jsjmrfry,theta theta beta beta zeta,8981,505.07,0.945784
2023-02-02,Vexffsr Imberhkr,lambda omega alpha sigma beta omega beta omega beta,1841,31.67,0.805922
2024-02-14,Bhbw Cnmca,omega lambda beta alpha beta gamma lambda,5093,978.1,0.487823
2023-10-25,Uadsz Ekipv,zeta omega lambda lambda beta zeta sigma lambda gamma,931,537.86,0.108275
2021-12-21,Btumk Atvemgu,theta beta delta delta sigma gamma lambda omega zeta,3657,342.85,0.626316
2023-01-04,Bdxsnyt Gnkifl,omega delta zeta gamma zeta zeta sigma lambda lambda delta zeta lambda,4942,207.92,0.809483
2024-07-26,Yqjifx Umcjyidz,omega delta lambda sigma sigma alpha sigma,7461,32.52,0.923851
2024-10-03,Erkmtlol Oxmmkpl,omega theta lambda gamma theta gamma,8796,181.15,0.875065
2020-10-17,Fgxeoxxk Qazxufn,omega theta lambda sigma zeta alpha alpha alpha zeta delta omega,291,795.94,0.544249
2022-11-02,Tzro Jcwyt,zeta lambda zeta gamma gamma gamma beta,8698,684.57,0.639392
2025-05-24,Mfkwwttr Gzprtaxjq,sigma beta zeta theta lambda beta lambda omega beta zeta,3219,409.52,0.730725
2021-09-15,Ccoyhbxj Hvwnzrbg,zeta theta sigma gamma zeta delta lambda beta beta,1757,15.19,0.411528
2024-02-23,Nmcbj Gfefm,lambda theta theta alpha lambda delta gamma lambda sigma,7675,140.7,0.466939
2023-07-01,Ujda Fypjby,gamma theta sigma omega beta,8375,148.88,0.184493
2021-02-05,Yeovl Udtqqcf,theta gamma alpha gamma beta delta lambda gamma gamma,207,287.55,0.074116
2020-10-22,Ogfpp Pmzlfxr,theta alpha omega gamma delta gamma,5036,390.42,0.167544
2022-06-02,Ykrm Dtavgtz,zeta sigma zeta omega gamma sigma theta theta,5585,423.3,0.182572
2022-08-18,Usgvptac Fkqjpys,gamma zeta sigma beta theta alpha lambda omega lambda delta beta,4895,219.84,0.248012
2023-09-08,Toiqqz Iruelfczi,sigma gamma sigma gamma alpha theta omega gamma,2094,461.47,0.192443
2025-01-04,Lkpptb Asdwuto,beta gamma delta lambda sigma zeta sigma,3708,358.03,0.319582
2023-09-13,Kfeqv Wufxcfda,alpha lambda gamma lambda theta delta theta,5609,230.87,0.54326
2021-08-03,Fxtkwuu Nabsmut,omega zeta beta lambda beta gamma theta gamma lambda omega,7259,560.22,0.905941
2023-12-24,Daizzz Ftyyaeen,lambda alpha omega omega lambda sigma gamma beta,5012,505.41,0.857298
2022-03-08,Nxaukf Zxcdmhnjk,lambda alpha alpha delta delta beta beta theta delta beta,9117,470.72,0.246827
2020-10-24,Erdfkcfw Dzceexz,lambda delta gamma alpha theta sigma,6824,102.4,0.716502
2022-09-13,Wovxzfhd Zwrjydlah,omega theta lambda omega alpha beta alpha omega alpha theta,5155,478.74,0.261897
2024-12-05,Olumpkk Ubmxlrp,theta alpha delta zeta omega theta alpha delta sigma,504,500.28,0.892893
2021-12-01,Iklsavf Bievesidk,lambda zeta beta theta sigma omega theta delta zeta omega beta,5702,425.59,0.732151
2022-11-14,Otpwjvuk Rwyedwszb,zeta delta sigma omega delta delta gamma delta zeta beta,1755,306.48,0.423604
2022-04-30,Rlma Pziae,beta omega beta delta gamma lambda lambda gamma,554,777.13,0.881825
2020-12-18,Jqifhfg Nzsnjjbw,delta beta delta beta delta zeta sigma,6715,78.47,0.593303
2023-02-23,Dzszesmn Nrghssvxi,sigma sigma lambda lambda alpha gamma gamma beta,8350,599.1,0.951926
2023-10-28,Lgtj Mmshku,alpha sigma gamma beta alpha sigma zeta theta alpha,5900,445.88,0.551734
2025-03-07,Njvatz Kvajwn,omega theta delta sigma alpha,5007,21.93,0.22588
2020-11-16,Tzkq Kfyfp,gamma alpha gamma omega zeta theta sigma theta gamma beta,2249,380.02,0.096045
2022-02-23,Awmft Cjbrjpsr,alpha lambda beta sigma gamma gamma,4081,693.57,0.453161
2022-02-14,Gqheex Xyqlgbie,zeta alpha zeta alpha zeta lambda alpha theta sigma zeta sigma,5468,107.11,0.182957
2023-08-28,Dcmodzyg Sxnajjy,zeta alpha sigma sigma omega delta omega lambda,8475,641.36,0.144853
2024-01-12,Kvomltv Sgvvg,zeta gamma gamma delta gamma gamma,3405,27.93,0.685396
2022-08-03,Ypbegra Yqjthiv,sigma beta gamma omega theta lambda delta gamma beta,3066,334.55,0.230802
2023-11-29,Fgfdnoix Hcflo,alpha alpha lambda sigma beta zeta omega sigma lambda,5126,599.55,0.738265
2022-10-23,Zemiwa Xadgvou,beta lambda alpha lambda gamma theta,3818,572.82,0.035047
2024-11-05,Inlmqsd Jqwbun,alpha gamma gamma delta beta,4587,778.06,0.195242
2022-05-15,Xlqigl Appuqzk,alpha sigma beta omega lambda beta delta alpha,8404,94.66,0.493847
2022-09-21,Arvfjpyc Lpbkoo,zeta sigma theta sigma delta,917,311.92,0.156493
2024-04-19,Noginlr Iropjo,zeta sigma sigma delta gamma sigma sigma zeta delta zeta,5179,791.37,0.594468
2023-08-29,Wynwk Pubwxrgyl,sigma theta lambda gamma sigma beta,9296,287.3,0.472402
2021-06-10,Lkmqabey Nemvdpmx,omega alpha gamma theta theta beta delta beta sigma,3630,435.51,0.120611
2025-05-04,Qzklpew Jaxqjfw,gamma sigma zeta alpha beta beta lambda beta sigma theta gamma,7276,335.39,0.66335
2022-08-02,Uneqig Lzcopoz,delta lambda omega delta alpha zeta theta beta sigma,5186,431.92,0.590069
2021-12-05,Fyozic Nrvdkjkyq,theta gamma alpha beta alpha beta theta theta zeta delta zeta sigma,6530,756.92,0.402882
2021-03-22,Cccr Vcledrf,alpha gamma beta sigma zeta zeta zeta gamma gamma sigma omega,9558,807.28,0.945843
2025-01-18,Jkhzptg Itfajlh,zeta zeta theta zeta gamma,8505,642.12,0.755119
2020-11-30,Vnvr Kuetmfw,delta sigma beta sigma alpha theta lambda omega theta lambda alpha sigma,250,879.12,0.892593
2024-05-01,Evkquds Rtrwtw,alpha beta beta delta beta lambda sigma,6797,794.59,0.395358
2023-07-24,Bvbnnvv Qnmiuk,sigma omega beta gamma lambda delta gamma sigma,4327,589.01,0.317144
2022-09-07,Pjepqzqk Umukrkg,beta gamma omega gamma zeta gamma delta alpha beta,7582,848.75,0.247637
2024-05-11,Ueaxdco Dltghp,omega lambda zeta zeta omega theta lambda delta delta delta,4923,978.38,0.196705
2022-08-01,Uincs Vnnbd,zeta alpha delta alpha sigma gamma omega beta zeta beta zeta,5646,921.7,0.596194
2024-01-18,Lkpoks Lraoz,theta beta theta delta gamma beta omega beta theta theta omega omega,7258,191.25,0.048439
2021-08-12,Xtylk Cxzri,lambda zeta zeta beta delta delta,1804,167.05,0.049491
2024-05-07,Ykpw Sjrun,beta theta beta theta gamma sigma omega zeta zeta sigma theta,8298,578.66,0.558664
2023-07-30,Cfvieedx Lfjcid,delta sigma theta delta sigma alpha zeta alpha gamma,3123,305.49,0.66763
2025-02-06,Icgy Scgyfqiea,omega alpha beta theta lambda beta beta alpha delta gamma gamma,6521,841.87,0.225983
2024-09-06,Nnydr Xzvaan,theta sigma beta gamma omega gamma lambda,2104,453.66,0.203856
2020-11-22,Pqawng Vvnjvexpk,sigma theta zeta alpha theta omega alpha delta omega sigma beta delta,5349,978.45,0.317278
2021-08-28,Ekva Hgazpin,theta lambda delta sigma theta zeta zeta gamma delta theta,3197,753.4,0.863152
2022-11-07,Vejr Ddebtmvuy,lambda omega theta lambda omega omega beta,5837,983.57,0.343771
2022-04-24,Vkjc Syyztnf,theta delta alpha delta lambda zeta delta zeta sigma omega,2026,67.32,0.654883
2024-08-21,Uflpm Ynahjqcsy,beta alpha theta alpha beta alpha zeta theta,4161,677.53,0.225674
2025-05-18,Ztavi Cbaeutls,lambda sigma sigma theta lambda zeta delta alpha theta sigma sigma,2097,361.31,0.426727
2022-02-25,Ayzcgj Vvujti,lambda lambda beta sigma sigma gamma,2173,284.43,0.358057
2024-12-15,Ldkfjd Chhrkdwww,gamma lambda beta lambda delta gamma,2346,753.12,0.969984
2024-02-04,Chssjmk Bqndbhd,lambda omega sigma beta zeta theta gamma gamma gamma delta lambda delta,7035,657.44,0.099321
2023-08-10,Trca Vtxcop,beta omega gamma alpha omega,3563,296.27,0.494448
2024-06-05,Qgcy Qbkpk,lambda theta zeta sigma omega omega delta alpha,2071,290.58,0.592516
2022-09-02,Adisvh Bgzysfmj,zeta lambda omega alpha gamma gamma delta gamma omega sigma gamma sigma,1597,498.57,0.785725
2024-11-23,Frechnf Mkiba,sigma omega delta theta delta,3326,497.3,0.782865
2022-12-22,Ragnb Dpxzqjqnu,zeta zeta sigma theta gamma lambda zeta omega,6118,186.62,0.047383
2025-06-27,Kgmg Ebvshi,alpha theta beta lambda delta omega delta gamma omega delta theta,7755,17.97,0.028271
2023-03-08,Kowy Xeayia,theta beta beta omega omega,5787,276.19,0.280394
2022-12-07,Icsv Gvjxk,alpha alpha gamma delta beta theta,4086,297.34,0.526288
2025-07-19,Hrbvsw Ypqwm,gamma omega alpha lambda delta theta lambda zeta alpha alpha beta gamma,3137,201.81,0.389474
2023-02-26,Mhggl Rnhoimma,gamma gamma sigma delta omega delta omega theta alpha beta gamma,3619,287.18,0.922615
2024-11-12,Smlsyl Rsoougewy,zeta gamma gamma omega gamma,2670,39.98,0.858405
2021-06-09,Vkrm Yjymgbrjy,lambda alpha alpha omega lambda lambda gamma beta beta,2529,266.89,0.873775
2025-03-21,Qjiee Qjlhuyyl,delta theta alpha gamma beta gamma beta alpha alpha,3028,370.93,0.907123
2024-11-05,Cprvvh Pjbylboyv,omega omega sigma sigma delta beta zeta beta,7417,861.52,0.135575
2021-10-04,Lmupyae Dkwbndlq,lambda zeta beta zeta zeta beta lambda beta,3412,863.68,0.174313
2024-03-30,Qrlojxre Eggwmya,gamma beta sigma alpha alpha theta omega gamma beta alpha,8826,417.1,0.665586
2021-10-10,Dftbokh Sbktezxer,gamma beta theta theta alpha theta alpha lambda alpha sigma delta,1632,41.03,0.90125
2024-02-14,Wshlejnr Ouctxk,beta omega lambda lambda alpha,1413,789.19,0.302001
2021-11-03,Quqcso Niazymyws,gamma sigma sigma sigma delta,1143,617.35,0.01057
2024-04-25,Xmprrqi Jysaile,gamma beta zeta beta lambda sigma beta alpha gamma lambda omega,9984,986.14,0.577092
2024-09-20,Utbjxlzh Eaqofc,delta gamma alpha theta zeta,4470,192.84,0.371293
2021-03-20,Ljacip Jayqnbq,alpha alpha lambda gamma omega theta lambda theta delta lambda gamma,8937,267.56,0.370971
2024-12-11,Ryfemkhr Lwudzm,omega beta lambda theta gamma,8464,743.12,0.120212
2022-04-25,Rsqlug Degwxsdbl,omega gamma lambda zeta sigma omega sigma theta,3293,530.23,0.606233
2023-11-08,Fyej Hmrrdzvhc,omega omega gamma sigma delta theta sigma lambda lambda zeta delta alpha,463,569.88,0.414676
2025-03-15,Bpybziy Boqrcblxj,sigma delta zeta zeta zeta omega lambda zeta lambda gamma sigma gamma,1588,586.43,0.311932
2021-08-01,Drxzyb Sfvsdxmqt,lambda delta omega beta beta omega alpha lambda,1340,614.31,0.716923
2020-12-07,Hghwpqi Bxugotfxh,zeta beta theta theta gamma sigma delta lambda,9386,159.38,0.15983
2022-03-31,Kfpwir Tvviujtpr,omega zeta sigma alpha delta zeta omega delta zeta sigma,3927,99.45,0.500725
2021-03-28,Dugdwwax Qmfepuebq,delta sigma lambda gamma beta,8463,451.38,0.723683
2024-11-09,Ofhen Hhggofrfi,beta lambda sigma gamma lambda,1286,674.99,0.33431
2023-06-26,Myqptxsg Awosqxg,lambda zeta gamma gamma lambda,4368,872.99,0.01232
2025-07-11,Fqdzgsqh Oxynp,delta sigma sigma delta lambda sigma lambda lambda delta,1131,212.74,0.465177
2024-04-16,Pveo Cygexad,zeta zeta beta delta zeta gamma zeta,3401,932.75,0.997769
2024-12-22,Btiyz Hrabn,omega delta alpha omega gamma beta beta sigma lambda beta,9701,597.61,0.162114
2022-03-30,Kksas Xabfzm,delta lambda zeta theta delta lambda delta alpha,1380,990.79,0.73118
2022-08-15,Nqobx Kwqoayibn,omega theta zeta sigma zeta beta,2403,899.27,0.446015
2020-12-03,Mmkioi Zqatcg,alpha alpha gamma alpha sigma delta theta theta zeta gamma omega,4272,216.34,0.927128
2021-11-10,Pulno Cixns,gamma omega alpha sigma omega gamma lambda gamma,9975,502.2,0.355001
2020-11-07,Mrxanq Flnsuta,zeta zeta lambda zeta delta,8167,915.3,0.460148
2021-08-15,Nqlnugth Ojfpm,alpha delta delta delta alpha gamma,2147,578.92,0.096896
2023-05-02,Daxbwttx Osprbxxyd,alpha omega zeta sigma sigma beta,9700,613.15,0.895166
2025-02-23,Xjbry Destnlx,theta gamma alpha theta theta sigma omega sigma omega,5202,853.17,0.72573
2024-08-23,Tibzu Owegvoz,lambda alpha sigma beta delta zeta beta alpha,2501,836.33,0.130159
2022-08-26,Cnwlq Ltbyp,theta delta theta omega sigma alpha zeta theta lambda omega theta,4359,58.47,0.422093
2022-02-11,Mutogy Sfwvbf,delta lambda beta omega gamma beta omega,9479,249.41,0.184816
2020-12-04,Dfqfiw Fbezaow,sigma sigma beta zeta lambda sigma,6456,799.54,0.058573
2023-01-24,Lojeyk Faxcz,lambda theta gamma zeta omega lambda lambda omega delta,1528,315.05,0.994212
2021-05-11,Zrtq Oldwfzlc,zeta gamma delta alpha sigma lambda,1659,577.31,0.726374
2025-07-10,Qxfbvxmj Rdvzz,delta omega delta omega zeta,3635,28.14,0.803324
2023-03-29,Islrofh Twufufw,gamma gamma gamma lambda alpha,1525,457.76,0.328911
2024-01-18,Byxrxlq Kycdfwep,omega alpha delta zeta theta omega lambda delta omega gamma theta sigma,557,829.58,0.090004
2024-05-11,Zadfr Zbebftc,alpha gamma sigma alpha delta theta gamma theta delta omega,2649,364.67,0.094654
2022-03-28,Mmet Lsoxrdlg,alpha delta alpha sigma beta theta theta beta beta,2178,821.41,0.889579
2025-08-13,Bkxvuukt Ttqvma,lambda lambda omega zeta beta gamma delta sigma lambda sigma alpha,5901,897.37,0.697465
2023-07-21,Fpfj Ovotgqg,delta gamma gamma omega alpha,9016,934.85,0.539049
2023-06-27,Ndrdcps Lgcuuxfo,sigma theta delta beta gamma lambda,5213,639.68,0.077306
2025-05-20,Svip Kagimbi,delta zeta sigma alpha omega,192,558.75,0.398213
2023-07-20,Vfve Cnajmvs,gamma beta omega theta zeta gamma delta,5509,121.9,0.931145
2024-01-02,Yplgtgog Srorqz,gamma beta lambda lambda lambda delta delta theta sigma gamma zeta sigma,4834,666.3,0.241393
2023-06-12,Oszxk Odhjbwz,omega omega lambda lambda alpha lambda zeta theta alpha zeta zeta gamma,1883,995.66,0.853275
2024-07-05,Bvbfkrlz Bjkyei,gamma delta alpha gamma sigma omega alpha delta gamma zeta lambda delta,8312,686.45,0.440646
2021-03-11,Tqptsk Qspec,omega alpha zeta theta beta sigma lambda,9811,857.27,0.091474
2023-05-17,Ixscpgud Imnainwn,alpha alpha zeta gamma sigma alpha beta delta omega zeta lambda sigma,1998,496.38,0.588407
2023-05-07,Saad Bmqwddgm,gamma theta omega sigma theta sigma alpha gamma,8289,116.74,0.243985
2020-10-19,Rudseef Axrnqipk,zeta alpha alpha zeta omega omega delta alpha,9392,782.15,0.820997
2024-02-17,Izdybco Pymovhx,lambda beta theta omega lambda lambda delta sigma,8322,953.26,0.677066
2023-06-06,Oexvr Bqitqkey,theta gamma lambda alpha theta sigma zeta gamma zeta beta,2671,382.66,0.45067
2023-03-21,Tjvldw Umqqbnioa,zeta alpha theta beta lambda,2178,518.22,0.048667
2025-08-02,Cdpjt Gdlgfbtil,alpha delta sigma omega gamma gamma,958,795.32,0.934441
2024-12-20,Dewsusj Slnjn,lambda sigma zeta delta alpha alpha theta,5800,797.33,0.922136
2024-02-06,Qxdt Jzjjkhnzp,zeta sigma theta gamma gamma zeta alpha gamma,4169,647.16,0.140541
2023-06-22,Rqneot Whngjoqf,sigma omega sigma beta alpha theta lambda zeta lambda sigma theta zeta,7098,36.43,0.660045
2023-06-01,Kjfzhb Elybq,delta delta theta beta theta beta,3800,18.59,0.312618
2025-08-22,Rryl Bjcbly,beta omega theta zeta omega zeta gamma beta theta,8253,65.86,0.859204
2020-10-17,Uqqhgtd Poqujae,beta delta zeta zeta zeta lambda lambda sigma,6331,69.22,0.607902
2025-04-21,Nojw Zteecgn,gamma lambda lambda sigma gamma omega beta beta delta,237,358.09,0.02025
2023-08-29,Achk Kitgvp,alpha beta beta gamma beta lambda theta zeta theta zeta zeta gamma,5354,343.64,0.122313
2022-12-27,Dnjbf Tlmlkoey,theta lambda omega beta beta theta zeta,8048,987.03,0.264018
2023-10-11,Negp Fuldy,delta omega zeta gamma lambda delta delta delta lambda delta,2997,586.22,0.600243
2021-01-24,Ireqz Dzuehurg,theta lambda zeta gamma alpha alpha lambda,6568,166.66,0.082141
2021-04-21,Alvsupyt Qsmdou,alpha sigma zeta theta gamma,8622,272.65,0.923934
2023-06-03,Qpco Yssxayq,zeta gamma lambda sigma lambda alpha delta lambda sigma alpha alpha omega,4839,685.65,0.033978
2025-09-02,Jtkxkrqo Bkjcuofm,omega alpha omega lambda omega alpha lambda delta theta sigma,826,47.29,0.999317
2021-04-19,Ytnax Hrhogr,zeta theta sigma delta delta,4059,366.0,0.105997
2024-07-06,Cjxxvcwr Lndcwqjpj,alpha lambda delta delta zeta gamma delta delta,9684,344.81,0.856845
2025-09-19,Aqkmomsz Pmvptpm,delta zeta alpha zeta alpha lambda theta beta omega zeta gamma,9175,415.75,0.227153
2024-11-05,Duxgyyqs Jaehk,gamma theta beta sigma theta lambda theta omega,452,653.67,0.849149
2024-09-11,Epifmj Tdzgy,omega omega theta beta alpha omega beta delta gamma alpha sigma theta,4036,676.32,0.489724
2023-01-19,Cypcv Xsomzgohg,alpha beta delta beta omega sigma beta beta beta alpha,1455,717.07,0.592404
2025-05-02,Urauhhb Qcwrk,sigma omega alpha omega theta,5660,830.94,0.469528
2020-11-12,Qkjfk Quevkux,theta beta gamma lambda gamma delta gamma omega,4451,985.53,0.365885
2023-06-15,Jxoc Damhkfz,alpha lambda omega gamma theta omega beta omega omega,9339,607.18,0.168909
2021-08-27,Xtfvthgs Plegzln,zeta omega lambda lambda zeta zeta sigma alpha,2962,955.31,0.990984
2023-11-01,Spou Vuqrpvmqb,delta gamma alpha lambda sigma omega theta omega lambda omega,4932,691.55,0.959099
2024-08-16,Bepm Hgiankzb,lambda sigma beta gamma zeta theta,4661,814.84,0.819312
2022-11-27,Boxey Gwzmqi,delta omega alpha lambda delta sigma lambda sigma,2170,13.39,0.33438
2025-06-26,Nnsqjcc Tfccxwtg,alpha sigma theta sigma sigma beta beta beta zeta,4979,166.38,0.006191
2021-12-20,Rviflpz Cayek,gamma lambda theta sigma omega delta beta zeta lambda,7951,206.19,0.508147
2023-10-14,Zxkksc Ydyhibvv,delta zeta theta omega gamma gamma beta alpha gamma,4448,754.93,0.84323
2024-11-12,Fztek Oksbn,gamma omega delta delta delta delta beta delta zeta sigma delta,4914,809.9,0.281799
2021-10-13,Zgjfra Notzvq,omega beta beta omega sigma sigma sigma,8098,784.47,0.731156
2021-11-21,Hqkza Faiisj,omega gamma sigma theta delta,9022,651.36,0.84411
2022-10-12,Fmgwx Ebpyh,delta gamma sigma alpha sigma zeta omega zeta omega sigma zeta,3804,907.79,0.516032
2021-11-16,Semtbky Whieuu,gamma omega delta zeta theta omega delta zeta theta,1249,550.79,0.802686
2025-06-28,Ezpg Xbyqcvlp,beta delta alpha gamma beta,1733,528.47,0.765598
2023-09-04,Ifdblur Rqmnbgzj,alpha gamma lambda delta omega alpha omega,7040,380.85,0.425784
2025-02-13,Dvlnjko Ispgoxjsj,gamma lambda theta beta gamma delta delta,4128,97.6,0.582426
2021-03-31,Eiscqz Hqjcssz,lambda alpha beta lambda gamma,4373,809.62,0.570224
2024-04-30,Wkygp Sejkmy,zeta sigma gamma lambda omega beta,6596,513.55,0.015215
2024-08-21,Cdzqedy Hkkwdqvy,beta delta lambda delta theta alpha delta,8681,155.68,0.649323
2021-07-30,Cqpgvsvc Tmrduzm,gamma alpha sigma theta beta gamma sigma delta alpha beta alpha zeta,3924,337.56,0.274366
2023-12-28,Nxalpr Hczcollto,sigma theta alpha lambda beta sigma alpha,6049,480.26,0.495743
2021-11-09,Dyhl Utbuxxhb,delta theta theta omega beta beta alpha gamma zeta,5704,596.16,0.999072
2023-08-12,Cwsaaavq Qioiexud,sigma delta beta sigma zeta zeta zeta,7236,388.35,0.476499
2025-04-24,Somap Ngnpt,beta zeta lambda theta sigma sigma theta omega,5844,507.96,0.553532
2022-06-20,Jztl Evads,omega beta zeta delta beta alpha,1227,91.31,0.05539
2024-07-02,Oxuzknm Jjdvi,delta zeta theta delta gamma lambda lambda alpha omega lambda theta sigma,8487,888.97,0.96003
2021-05-03,Yfehkf Dxkhb,theta omega sigma delta alpha zeta,9548,869.66,0.540991
2022-11-01,Pgqc Hfeuct,theta beta lambda theta sigma theta,9310,297.0,0.466318
2023-04-18,Nmlfsd Zorwbczim,theta delta delta beta omega lambda gamma,8438,189.27,0.817875
2024-11-19,Usgvr Pyozvjryd,theta alpha sigma alpha theta lambda delta gamma omega gamma omega,9963,927.56,0.586451
2023-11-23,Fnsmdt Emnqtejhb,omega omega alpha beta sigma delta gamma sigma sigma,4002,156.21,0.858191
2020-11-30,Wyouug Gazec,alpha theta beta gamma beta gamma,4747,189.98,0.127167
2021-02-14,Qley Dkonyga,lambda zeta delta sigma delta zeta theta lambda alpha theta,5636,502.61,0.517429
2023-10-17,Jfipni Cprve,beta sigma delta delta gamma gamma zeta lambda delta lambda sigma beta,4976,439.54,0.01987
2022-04-02,Rspuk Qtojln,alpha zeta omega delta lambda gamma alpha sigma gamma lambda,5706,195.24,0.215345
2023-10-08,Xmpq Cklroet,gamma zeta omega theta alpha beta omega delta omega lambda omega alpha,2554,73.28,0.005574
2024-07-26,Opuhlz Aazvlku,omega omega theta beta sigma gamma delta theta sigma zeta zeta,4900,712.39,0.443608
2023-12-16,Vwhnvzd Pdnyoma,theta zeta alpha alpha delta theta omega beta omega omega,8124,656.25,0.274518
2022-06-16,Vmbb Mglrxj,lambda gamma alpha zeta alpha sigma alpha beta gamma sigma,1764,681.11,0.053808
2024-11-12,Kiqusus Bksuok,omega zeta zeta zeta gamma sigma zeta,2974,603.94,0.723588
2023-04-09,Crtksya Foayw,alpha omega sigma zeta theta delta alpha delta gamma delta zeta,3465,744.67,0.673733
2021-05-01,Fdwskqob Mlxqf,zeta lambda delta alpha gamma sigma omega sigma beta alpha gamma,7966,780.37,0.418203
2020-11-14,Gqgje Cpirzlkh,omega lambda delta lambda beta theta,3057,279.59,0.227082
2024-06-07,Pmnvrt Bbpcdy,zeta lambda omega zeta theta beta lambda omega omega omega sigma delta,5324,575.92,0.869679
2021-03-17,Nsuoey Vouqj,alpha beta sigma gamma sigma,6093,547.0,0.475868
2025-03-31,Qzdvxhu Lipudr,gamma alpha beta delta lambda gamma alpha alpha lambda zeta,9207,355.06,0.564646
2024-06-04,Vgtawk Abkxt,delta zeta theta gamma sigma beta,1984,161.87,0.307872
2021-01-08,Ytjpgk Tftemh,alpha omega theta beta sigma beta delta theta sigma lambda alpha,1040,404.53,0.356715
2023-02-09,Wwzur Uttckglh,beta delta sigma delta zeta alpha sigma,3609,199.47,0.721075
2024-08-10,Dxwftknv Gmvkjta,alpha alpha theta lambda zeta omega omega delta,1203,348.64,0.045228
2022-04-13,Hswsh Gtzmuyaz,sigma lambda zeta zeta beta lambda delta delta beta zeta beta beta,1014,132.68,0.770602
2025-03-14,Vvbwsiv Tgfaat,delta lambda zeta gamma alpha alpha,391,823.09,0.91928
2021-12-13,Hoim Ovrqknm,gamma omega theta beta beta,9857,812.02,0.786772
2025-01-22,Zdnj Pifwvzx,alpha theta theta lambda sigma omega,3778,228.39,0.360022
2021-04-28,Penfzlbl Hrqikpbnv,lambda delta beta gamma delta alpha,4350,792.65,0.024993
2021-07-16,Qveiymba Yfnxe,alpha sigma zeta zeta theta beta alpha gamma alpha theta omega,8013,391.43,0.536222
2023-12-18,Abuyokx Qiyxknyn,lambda beta lambda gamma omega,813,886.24,0.269906
2025-09-08,Szagpj Nsygk,theta gamma lambda delta sigma zeta sigma omega lambda gamma,6399,252.38,0.704975
2025-05-03,Dpugndd Azcwxsk,beta delta theta omega alpha sigma,4297,456.58,0.108159
2021-03-31,Jgnb Uggehfob,sigma delta delta delta delta alpha beta theta,5917,850.06,0.96045
2023-09-02,Hyniv Uvmzno,sigma lambda beta omega gamma alpha zeta zeta lambda,6312,91.82,0.062717
2020-11-10,Kdwpkm Otsgsk,theta sigma zeta zeta sigma delta,4721,326.62,0.155527
2021-01-16,Ouzwoc Hoouq,theta zeta lambda delta theta,9187,347.3,0.212616
2023-02-20,Kefcbd Unhsxdsjq,beta lambda gamma alpha omega lambda omega beta zeta sigma zeta lambda,3498,403.31,0.865126
2021-10-06,Jkcdgetp Hkeceihz,delta beta gamma gamma lambda zeta beta alpha theta,3602,918.04,0.686805
2022-10-09,Dtpx Tgygem,delta delta zeta beta omega,9417,812.72,0.106898
2022-06-12,Wctqa Akjdl,omega lambda theta zeta gamma omega gamma omega lambda,9075,750.62,0.652874
2025-01-15,Cbbj Fkyrvlgz,alpha delta zeta sigma alpha beta zeta alpha,6326,841.19,0.937653
2021-09-02,Aldgg Yseiet,theta beta sigma theta alpha gamma theta theta zeta,1918,289.97,0.154046
2023-06-11,Bchx Gnjky,omega lambda theta alpha alpha zeta omega gamma lambda,8577,738.74,0.629007
2021-04-04,Rivqgh Jqdmirzp,omega omega lambda gamma sigma theta theta gamma zeta,4271,612.57,0.666311
2020-12-21,Agdavejl Isnorj,delta delta alpha lambda sigma gamma alpha theta lambda beta delta theta,8041,299.23,0.038175
2025-06-29,Sbhfubyd Utjkc,zeta sigma gamma gamma beta gamma zeta alpha beta beta gamma omega,6514,593.99,0.12415
2023-08-29,Dxohvn Cvzsvaeeu,delta zeta lambda gamma gamma lambda omega sigma zeta,3798,119.43,0.297357
2025-03-17,Woomyptb Oefxivs,theta gamma sigma lambda gamma beta zeta alpha beta,7012,150.88,0.085522
2021-04-15,Eebcxi Xeytboyn,theta zeta delta gamma lambda lambda alpha,5836,770.73,0.880032
2025-07-02,Ovlpmsk Efoutv,omega zeta delta zeta delta zeta delta theta alpha,6271,354.73,0.506557
2025-02-03,Bwxwe Ljvrtbru,omega delta omega gamma zeta beta omega lambda gamma lambda delta,3208,885.83,0.889023
2021-09-07,Gobpyfb Gnidi,alpha theta beta gamma delta,6345,472.98,0.723
2025-02-07,Aagsb Gxqru,gamma omega delta delta lambda alpha delta omega lambda,3556,792.08,0.057537
2024-12-10,Rcdwo Dtgpps,theta delta beta alpha delta delta lambda,7481,169.82,0.905329
2025-01-22,Awjmvjri Rgvwjskp,delta sigma beta lambda lambda delta gamma gamma beta zeta,7675,936.05,0.916245
2022-08-08,Cbwtyqx Rtjpr,gamma beta beta delta alpha,4043,454.93,0.129522
2021-07-11,Alxkse Gssoi,lambda alpha lambda omega lambda theta zeta zeta zeta delta beta sigma,6803,103.41,0.030574
2022-09-08,Rkcybmnq Ptbjmwfrl,sigma omega alpha alpha alpha omega beta gamma beta delta lambda,7603,821.9,0.784413
2025-07-26,Ezjna Qqdcom,sigma omega sigma beta sigma lambda omega zeta lambda,2708,762.53,0.067477
2024-12-29,Rniwhwu Wrotvv,gamma lambda beta lambda zeta alpha sigma delta zeta zeta alpha lambda,7796,772.26,0.552445
2021-06-01,Zfyxgfh Popnfh,lambda alpha alpha sigma sigma lambda gamma,5528,218.95,0.929807
2020-11-09,Adkjqt Dsupikebl,theta sigma alpha sigma alpha lambda sigma gamma alpha omega theta zeta,8248,69.35,0.60839
2022-08-30,Gfqpwob Eupcvcvz,omega lambda theta lambda gamma alpha gamma,9281,319.2,0.180795
2023-12-23,Mdbtd Vlrgczk,sigma zeta gamma zeta lambda delta sigma zeta lambda beta,4479,616.29,0.826057
2022-09-05,Ohiv Xbndkssb,theta beta beta zeta alpha,5525,97.25,0.468145
2022-08-21,Jsovb Jojrp,zeta gamma zeta lambda delta theta,2589,446.44,0.090698
2021-02-06,Rxxtt Yomsamdiu,omega beta theta omega alpha gamma beta,9876,744.67,0.821982
2021-11-29,Bmjefahc Rkfxqxbvt,gamma theta delta beta theta gamma delta,211,610.23,0.110654
2022-12-27,Oqnqr Mdyteyd,sigma sigma zeta theta sigma gamma omega lambda gamma beta,6892,367.93,6.7e-05
2024-12-11,Bduvhfr Ybaabqzp,delta lambda omega delta gamma zeta lambda gamma gamma omega alpha,1477,243.78,0.102875
2024-07-28,Dotnwq Qwuqbv,zeta omega delta beta zeta gamma omega alpha omega alpha sigma,4007,352.43,0.469007
2023-10-16,Xbyn Sxxexnn,delta gamma alpha zeta sigma beta gamma omega,8694,352.69,0.176517
2021-02-22,Mdgmua Zcbjvng,beta sigma delta lambda alpha beta lambda zeta gamma delta delta delta,334,946.49,0.716797
2020-11-14,Nsof Ysfqhlyc,omega sigma lambda zeta beta sigma delta delta zeta lambda,6878,19.18,0.62137
2023-05-15,Cehof Zrvsn,lambda zeta beta omega lambda theta omega delta omega theta zeta sigma,5881,400.05,0.555326
2023-05-12,Eucvm Atoapoxsu,omega lambda lambda sigma alpha omega omega alpha delta sigma,8276,286.58,0.276488
2021-05-19,Ygtj Uvbkgt,sigma beta alpha lambda zeta lambda lambda omega omega,4711,638.23,0.914722
2025-07-10,Vqsgusz Brosr,sigma zeta lambda sigma delta sigma beta gamma omega omega theta,8163,496.16,0.753055
2025-07-29,Lbqayhet Kryqjgar,theta theta sigma beta zeta omega sigma gamma gamma lambda,7988,581.58,0.103489
2024-12-21,Dxjc Wazppxo,lambda omega gamma gamma sigma omega delta,1737,881.47,0.564738
2023-04-02,Dhkrm Ygddoqsdu,lambda alpha alpha zeta gamma sigma,2361,361.45,0.008701
2022-07-22,Uetrocw Hnyjvpc,omega gamma gamma omega beta gamma,7119,908.32,0.563868
2021-07-04,Rpjqr Ahfivwb,alpha gamma beta sigma theta delta lambda,1487,612.99,0.989863
2022-06-06,Kxtxpj Ddylju,lambda delta delta lambda theta delta gamma lambda theta lambda,3313,634.36,0.078283
2024-01-16,Lcgrb Tlhzwm,gamma delta sigma alpha zeta zeta zeta alpha alpha alpha,9725,54.51,0.654918
2021-06-24,Roslr Ntjhj,alpha zeta gamma alpha alpha theta zeta sigma omega,6965,920.57,0.547915
2024-02-14,Wmilu Kyauwsrv,alpha beta beta delta alpha zeta alpha,5800,375.81,0.223775
2025-06-07,Otoma Gzixr,sigma zeta sigma theta omega alpha alpha gamma gamma lambda delta theta,1280,242.22,0.958994
2024-10-25,Ppoprzsd Yzxbjmr,alpha gamma theta zeta sigma beta omega beta beta alpha alpha omega,612,465.97,0.362586
2021-07-29,Yywflat Jwdne,theta gamma zeta beta delta zeta zeta lambda alpha beta omega,3849,808.41,0.726315
2021-04-28,Spmeqqu Yzzqwte,theta beta theta gamma theta sigma sigma alpha alpha delta,2993,43.7,0.520394
2023-01-23,Vlthyg Kaosm,delta delta sigma sigma alpha omega omega delta,1135,80.91,0.416088
2022-07-01,Hqnj Cqngnhycy,alpha lambda gamma gamma beta omega omega sigma delta beta alpha,9311,504.78,0.566639
2023-04-14,Wwjf Tghhh,omega omega omega sigma zeta theta beta beta sigma lambda lambda alpha,3554,197.57,0.469519
2024-08-09,Jkaer Ysoczh,zeta omega lambda alpha zeta beta gamma omega omega omega gamma,4718,712.13,0.354827
2024-04-28,Gfdpn Ygtty,theta omega omega sigma lambda gamma alpha,1681,44.74,0.227838
2023-12-20,Loti Jsyoqitp,gamma sigma gamma omega alpha theta delta zeta,3169,418.84,0.770781
2025-07-04,Wallsqj Mqmbkl,theta gamma delta alpha theta gamma beta lambda delta sigma omega,882,970.0,0.801398
2023-09-14,Ferychh Dxlcrnscp,lambda theta theta alpha omega,2289,914.67,0.048881
2024-03-24,Nstkgvsq Swvrpojfw,delta gamma sigma lambda lambda zeta,1439,925.62,0.779666
2021-05-12,Kqfqzxot Jlmqiszc,lambda lambda gamma theta zeta sigma delta delta,6720,843.97,0.408661
2024-12-31,Aayv Ecilm,delta alpha theta theta delta,9717,170.4,0.372156
2022-03-27,Uancbw Onsxae,zeta alpha delta omega lambda,1919,414.25,0.682777
2021-05-09,Bzot Osify,delta omega beta lambda omega gamma lambda beta sigma zeta,2111,245.56,0.241431
2025-05-29,Culsl Ijltq,delta omega delta zeta sigma alpha,1519,814.51,0.453857
2024-08-15,Sisvh Gznpui,beta omega theta zeta gamma zeta omega,8805,334.95,0.169101
2022-10-10,Arrwtgt Lplvb,gamma omega lambda theta beta zeta beta omega theta omega omega,461,115.56,0.383464
2021-10-31,Ugkxzhu Rjmyho,theta theta sigma delta zeta gamma delta,7450,905.35,0.679784
2021-11-06,Azcwa Hxbqhkj,sigma alpha theta theta beta sigma zeta sigma,2544,878.57,0.277992
2025-04-29,Hripllzg Fmhpcl,zeta gamma zeta gamma theta alpha sigma delta,1552,826.9,0.483511
2025-08-02,Aogtgg Bgnxz,beta beta gamma lambda sigma,6441,788.89,0.999675
2025-02-16,Sxeaop Umishel,alpha sigma delta zeta beta zeta beta,1745,600.98,0.549276
2023-08-01,Sifb Iwhhs,omega omega zeta sigma zeta omega gamma lambda zeta beta,6226,980.3,0.030002
2024-03-06,Nwxrxr Tupjfjpc,delta beta sigma theta theta zeta zeta delta beta sigma beta zeta,3987,128.29,0.421072
2023-01-03,Bqmtn Nzeccn,beta omega sigma zeta theta lambda sigma,140,95.48,0.367946
2024-09-05,Lulnvpcz Ohgmt,zeta omega gamma beta theta zeta sigma beta,3512,979.71,0.29192
2023-05-25,Miaabmf Jxkshc,alpha gamma sigma sigma lambda gamma delta lambda sigma delta,795,585.18,0.379798
2023-10-10,Sovjovh Jlgtoawy,omega delta lambda zeta gamma gamma omega omega beta gamma,8467,917.89,0.221047
2023-07-29,Zwtnrbp Bahidz,theta sigma zeta delta theta,7493,370.85,0.630605
2024-08-02,Hmgg Riwkv,beta omega theta zeta gamma omega sigma sigma sigma,4456,550.67,0.074803
2021-01-16,Vvckb Ubvpjo,theta sigma omega delta beta sigma gamma zeta alpha alpha delta beta,496,798.53,0.290749
2022-07-26,Osvouyhq Qnetdxjgh,gamma alpha zeta zeta sigma zeta theta alpha theta sigma gamma sigma,4286,701.23,0.983044
2021-03-23,Iayzix Hecsfle,zeta alpha delta gamma sigma gamma sigma gamma delta gamma sigma sigma,1077,841.15,0.644305
2021-11-02,Cekjd Mgyynhhu,beta delta omega omega lambda theta theta delta lambda alpha delta,3337,102.69,0.028028
2021-11-21,Xmpuqjcg Rkieayvtw,omega sigma theta zeta alpha omega beta theta beta lambda sigma zeta,9788,615.83,0.709054
2022-06-17,Gbaq Dpjhsxsqp,beta alpha gamma alpha beta alpha lambda theta beta sigma,7587,943.98,0.344986
2022-10-09,Pgkzxxdp Jtmctr,lambda alpha omega delta omega omega omega beta,4971,908.74,0.469702
2023-09-15,Tsrfjup Qodyzhkcc,delta delta theta lambda beta delta alpha theta,8153,277.36,0.849146
2025-05-27,Fcdlxeu Ttaifz,beta omega omega lambda gamma lambda sigma delta theta lambda omega delta,2547,335.73,0.467897
2021-06-11,Rfacojg Yvzfcnwdz,delta sigma gamma sigma lambda beta lambda beta gamma,5618,767.49,0.128858
2025-08-05,Qpspgw Ugjsse,omega delta zeta delta beta lambda,379,754.73,0.777488
2022-06-17,Dplepdjm Pxbdxrrjd,delta lambda omega delta beta theta delta lambda theta,8040,592.83,0.984252
2021-09-13,Vvyzzxw Euunetgl,beta delta omega gamma lambda gamma,3965,969.92,0.847923
2025-01-29,Rbugqm Ackfktzw,zeta gamma beta omega gamma,8191,480.93,0.286329
2024-01-04,Kklkdt Qqttrmsj,omega sigma beta gamma lambda sigma lambda sigma zeta gamma omega,836,835.87,0.13115
2023-05-22,Tnmgg Rtqeo,omega delta alpha alpha beta sigma beta sigma lambda beta sigma theta,7516,252.4,0.869782
2025-02-08,Ctzesylh Hgnxlaya,omega beta alpha beta zeta theta,4412,911.84,0.452828
2024-11-09,Yatf Jthfsq,zeta gamma omega gamma alpha delta alpha beta omega lambda,1759,703.88,0.994681
2024-08-25,Rmps Jolciwqa,alpha sigma delta delta alpha omega alpha,7806,137.18,0.605169
2023-09-19,Mezp Vuobsrz,alpha zeta alpha zeta delta,4644,964.7,0.471551
2024-10-07,Khfylbu Tnemkwjqh,omega omega theta sigma beta zeta delta alpha,2101,223.93,0.163887
2022-04-26,Waeyjxr Futuvx,beta beta gamma sigma lambda beta theta sigma beta zeta,6761,603.81,0.199526
2023-07-02,Pitxyh Kowdf,alpha sigma theta sigma alpha theta,317,368.45,0.565101
2025-01-31,Zuafkalx Cmqwf,theta lambda gamma beta sigma zeta beta omega sigma omega alpha,934,774.61,0.366558
2024-09-15,Trlfoiq Qhmnok,zeta gamma zeta gamma alpha,1042,475.53,0.052587
2023-09-07,Ryamiou Jkbkf,omega sigma zeta lambda sigma gamma delta zeta theta gamma alpha,7715,992.89,0.90754
2024-12-25,Iooifl Rejoxvxrl,alpha omega gamma zeta beta lambda lambda omega alpha,9809,342.34,0.651672
2023-09-11,Xppjm Ggpkjy,zeta beta gamma zeta omega delta,5400,282.54,0.418282
2024-10-27,Tjggvyf Asquh,alpha theta alpha gamma delta omega zeta sigma,5653,762.21,0.22394
2023-11-25,Pvgzx Tuibava,zeta lambda alpha lambda theta beta beta beta omega theta,4154,663.38,0.564494
2021-05-10,Eciapv Lpasqy,theta zeta sigma gamma omega alpha alpha gamma zeta beta zeta sigma,3762,95.98,0.602104
2024-04-12,Tgqxsnj Zobbevty,delta gamma beta gamma beta beta,4952,730.73,0.331969
2022-05-22,Tgoco Hxrqqpboj,sigma beta lambda omega omega alpha theta zeta zeta alpha beta,1344,958.83,0.531232
2022-04-18,Omncdmz Zifrmie,omega gamma zeta theta zeta,9661,56.65,0.127115
2021-04-27,Nturg Gupzmw,delta theta sigma theta theta omega,4900,440.72,0.659977
2024-10-23,Uszl Bnsabhx,sigma lambda gamma lambda gamma,2358,763.56,0.539346
2025-09-01,Advtzw Pdrtkvqfs,alpha lambda zeta beta alpha sigma gamma sigma,1908,739.71,0.698597
2021-12-11,Ksbkevk Xxnacnpg,sigma zeta beta omega omega delta theta sigma beta lambda sigma,7211,963.36,0.576576
2024-09-08,Wafrkq Amewdvdvi,gamma zeta sigma beta delta alpha delta theta gamma,263,34.09,0.437074
2021-03-23,Znneuth Sqgmy,sigma lambda theta alpha sigma omega sigma delta alpha gamma omega,4009,362.65,0.935128
2022-06-27,Gedjvjr Vscfar,alpha zeta alpha omega delta gamma,800,527.68,0.01005
2024-04-03,Muvqdo Cqcmh,gamma zeta zeta zeta lambda sigma zeta zeta beta delta beta delta,9857,212.31,0.590193
2024-07-20,Lamvs Iqlnkirkn,theta omega theta lambda zeta delta gamma omega zeta alpha,893,779.31,0.928475
2021-01-27,Ejmkbfyk Jwxzfhsr,lambda sigma lambda delta alpha zeta theta lambda gamma,2454,33.89,0.660139
2023-07-06,Oahqsxk Unlbyuv,sigma lambda zeta omega gamma,5851,395.92,0.058979
2024-06-04,Elxdeshx Rzbtsqrbg,zeta omega lambda theta alpha theta gamma alpha theta gamma theta omega,9644,408.17,0.632155
2024-01-14,Xzngozoh Clykrqdk,delta delta omega beta beta alpha omega theta,8367,84.32,0.507667
2024-05-13,Qojm Jninpmh,zeta delta sigma gamma delta,3007,266.86,0.751615
2022-05-17,Gssvx Ypmstkks,beta alpha beta sigma lambda theta gamma theta zeta,7257,663.53,0.303629
2022-11-25,Yxibdap Wtcrmtck,lambda gamma alpha sigma zeta sigma lambda lambda,9214,518.78,0.028957
2022-07-11,Fdqxu Drvjg,delta zeta lambda zeta theta delta,5630,610.52,0.208028
2024-08-08,Eyjxq Lfmgy,omega delta sigma zeta zeta gamma sigma sigma,2365,961.76,0.398868
2021-09-05,Jmnfdssy Cefwcffti,sigma lambda gamma beta omega alpha,6801,464.68,0.208596
2023-05-03,Qqnxj Uziujwi,gamma gamma lambda gamma sigma theta,439,535.08,0.656484
2024-04-12,Jehetsni Ymmkwlpn,gamma sigma alpha alpha delta omega omega lambda sigma beta,9224,804.18,0.716709
2022-02-21,Tfer Ehxuv,alpha gamma delta delta sigma delta theta,5492,805.69,0.430799
2025-05-17,Hsgfttrv Keejgkbk,theta delta alpha beta zeta zeta sigma zeta alpha lambda delta delta,6122,63.22,0.771832
2024-11-09,Xxbha Sfcpuyot,theta sigma lambda lambda theta,3822,934.9,0.463745
2023-09-27,Pxynvpbo Opmfvrv,zeta beta beta zeta alpha lambda alpha theta gamma theta omega,2133,107.0,0.285441
2023-05-17,Gfkhzx Hqxji,beta beta theta lambda theta zeta,2155,47.03,0.5029
2024-02-17,Gjoydzja Ygrbvd,beta gamma zeta beta sigma gamma theta,2602,592.58,0.997186
2021-08-18,Ohuoy Rdghkbf,beta beta delta gamma gamma delta gamma beta,6883,732.22,0.137919
2023-08-01,Rdwcc Mtfkpe,theta beta beta lambda theta lambda lambda,7031,843.51,0.304039
2023-04-20,Mqlzsp Khwwwgdtb,omega zeta sigma alpha delta sigma theta delta theta alpha omega,1529,36.85,0.480023
2025-02-16,Bhqrn Lqanzmkff,gamma sigma beta theta lambda delta zeta lambda sigma delta omega,8362,999.71,0.756292
2021-09-06,Aiobewp Fxipajqz,omega lambda sigma theta delta delta zeta,6391,465.67,0.700828
2021-10-13,Bdqgmmjs Iejgnejj,gamma gamma zeta sigma theta omega sigma theta gamma,6718,14.83,0.392718
2023-09-05,Gxbybrsd Tkhwykktu,theta zeta sigma delta lambda lambda gamma sigma delta zeta,4428,148.2,0.232464
2025-04-13,Crvxgm Tnnuzg,omega zeta omega beta zeta alpha sigma beta omega lambda omega,8259,662.0,0.512462
2022-10-01,Giosbmhe Bxjkn,alpha alpha zeta lambda gamma lambda gamma delta zeta sigma theta gamma,9145,48.18,0.093651
2021-10-31,Ojqd Zwykfbjo,gamma zeta alpha beta lambda theta gamma sigma delta lambda,8076,489.18,0.001692
2023-09-26,Ktpguv Yaimr,gamma beta gamma lambda omega sigma,5004,552.84,0.267575
2022-07-31,Fmkfoq Hcbuqzt,theta sigma sigma gamma sigma,8748,65.71,0.671605
2021-04-05,Tkqeo Hgathddt,lambda gamma theta omega gamma gamma alpha omega lambda lambda alpha theta,6395,356.02,0.702515
2025-03-04,Gbotha Yqpbrp,beta zeta alpha omega sigma alpha delta sigma,5531,996.97,0.699479
2021-01-11,Zsdbnk Gcbdpz,zeta lambda beta omega omega delta alpha zeta omega,3471,336.36,0.707565
2021-09-18,Goskzdu Crlwk,lambda beta beta beta delta delta beta delta,1353,252.47,0.662037
2025-05-04,Mzrjoc Fvsixcgip,zeta beta alpha zeta omega theta omega delta alpha lambda,6207,136.79,0.855533
2024-09-26,Bftf Urhajntn,alpha delta lambda zeta alpha beta delta omega theta alpha,5188,507.76,0.562619
2024-06-02,Wgxjab Rfxarjcq,lambda gamma delta delta lambda gamma sigma gamma,2096,277.68,0.486734
2025-01-08,Wskep Oiazesj,lambda alpha gamma sigma zeta zeta omega alpha,2649,480.58,0.528148
2025-06-13,Rmqfibvf Nwvukst,lambda beta theta alpha sigma zeta omega delta alpha,8173,170.71,0.663067
2024-08-11,Mcjn Zilgu,delta gamma omega beta alpha sigma delta zeta alpha alpha,5737,850.96,0.975291
2025-08-29,Muoy Hfhndifnz,lambda gamma omega theta lambda,7146,280.91,0.011903
2025-06-01,Rfpcb Ruaqz,sigma alpha beta gamma alpha lambda beta lambda theta delta beta omega,6267,722.69,0.088208
2022-11-15,Povjjmy Jmrpl,gamma delta delta gamma omega zeta delta omega zeta sigma theta gamma,5123,886.87,0.481666
2021-09-08,Mueu Dvozjwcxj,gamma lambda gamma sigma beta delta,8837,646.25,0.769235
2021-09-18,Wgegor Awivbgfm,theta delta omega alpha zeta,9868,50.52,0.81998
2023-01-28,Qlfp Bxjqwp,zeta lambda sigma zeta alpha sigma alpha gamma gamma delta theta,4920,41.57,0.598683
2025-01-27,Fzrwfkpn Qxtgxy,delta theta theta theta gamma beta lambda beta sigma theta omega,4008,460.72,0.787367
2022-12-19,Dhrudp Nwmsu,lambda beta lambda sigma gamma lambda zeta delta theta alpha,8718,266.03,0.741582
2023-09-30,Nekq Umymkvcvf,omega sigma omega theta lambda theta delta lambda theta sigma omega,3129,913.63,0.628397
2020-11-05,Mjnm Bnhmy,omega gamma omega beta theta omega lambda beta alpha sigma sigma sigma,517,730.49,0.994899
2024-09-16,Kxmsg Kymzfsu,beta theta theta omega sigma lambda zeta beta omega theta lambda,8542,255.06,0.579088
2025-07-17,Uofnacc Ncshz,beta gamma sigma delta delta omega omega zeta,7286,614.16,0.216236
2024-01-06,Dnopfgac Clblrdm,gamma zeta alpha zeta beta gamma sigma delta omega omega alpha,2721,631.44,0.333613
2024-08-24,Nbxwdh Wtqjq,gamma lambda sigma alpha delta lambda lambda theta omega beta delta,3972,581.15,0.449177
2023-01-25,Jiafwlda Boptzhhxf,beta delta omega omega zeta omega,8658,125.68,0.137874
2023-10-20,Lmhqlv Qvrsktrf,beta zeta zeta gamma zeta theta,4020,959.99,0.814853
2025-09-19,Mcxitl Psipzwq,alpha sigma gamma sigma delta zeta theta delta zeta theta theta,4633,942.79,0.32352
2023-08-16,Hvjcaif Luupga,zeta theta gamma alpha delta gamma theta,259,791.53,0.744984
2024-11-09,Bmctlqzw Ilyjhmcg,beta sigma sigma omega gamma beta,1389,654.4,0.935695
2024-10-01,Uyhe Iceufzy,omega sigma lambda beta zeta theta alpha theta,3588,723.65,0.480857
2020-11-24,Rtvnaupx Egvqxvi,zeta sigma sigma beta lambda theta theta delta sigma,4092,213.78,0.387093
2025-04-24,Tmtpveuq Vcwklxq,delta lambda delta delta theta delta gamma zeta beta sigma omega,4045,819.42,0.449044
2021-09-10,Wfapl Rheey,omega sigma gamma delta delta alpha gamma alpha alpha lambda gamma lambda,2858,827.32,0.033814
2022-06-25,Pbkckzk Edbxdrc,delta lambda beta gamma omega,3983,184.33,0.064402
2024-03-13,Osioqy Qxguqnkp,omega lambda alpha omega gamma zeta beta omega omega,736,615.27,0.602854
2022-07-15,Ewpwam Ynvagh,gamma theta beta lambda alpha beta theta theta sigma omega lambda sigma,3642,868.71,0.263022
2024-03-09,Owegbmeu Zlzlm,beta alpha zeta delta theta alpha,726,960.78,0.447982
2024-06-25,Lviey Ppsxbki,theta sigma theta lambda gamma sigma,5363,561.3,0.16232
2025-04-13,Apdzbpmq Zlfacow,delta lambda gamma theta beta,5947,750.63,0.01559
2021-04-24,Rnmvkxc Krxwcnz,lambda theta alpha alpha omega theta,1507,446.1,0.407269
2023-07-27,Icwy Artuqeaf,omega gamma beta sigma gamma beta lambda alpha theta omega alpha,5311,358.86,0.337283
2022-09-11,Jbgcgxfu Otpgibij,delta beta gamma delta lambda theta omega beta beta,6444,830.52,0.28485
2022-06-02,Mzzi Cunuqkbz,gamma theta sigma sigma alpha lambda theta beta alpha theta lambda,498,905.1,0.103249
2023-06-21,Otigxn Qcgwtpnio,lambda lambda alpha omega sigma alpha sigma sigma theta,4955,668.74,0.673349
2021-11-23,Rwdb Brfkdj,zeta lambda zeta omega gamma delta sigma omega lambda lambda theta,7954,690.7,0.815897
2025-01-03,Lmafzdtt Wigeewnw,omega omega zeta lambda omega omega alpha gamma theta delta beta,2107,338.09,0.86132
2021-03-12,Tiyx Xbcbco,beta alpha gamma beta gamma lambda omega zeta,3121,920.79,0.048984
2023-08-26,Mtmkfglm Egiqxxuv,omega gamma lambda beta beta,8677,231.23,0.426146
2021-08-07,Pkbi Suonfcq,lambda delta beta lambda beta gamma delta beta theta gamma,4851,148.41,0.814104
2021-01-14,Emqiakr Vujzzjhh,zeta delta beta alpha alpha zeta gamma,2784,511.17,0.930977
2025-05-04,Jiwt Zqcvmfibl,theta delta delta beta sigma sigma theta gamma alpha,1784,839.14,0.015837
2021-09-23,Satrqkw Vgyzjxe,zeta gamma delta zeta beta delta sigma,6860,680.29,0.501781
2022-05-15,Vguicuqa Lvdsb,omega sigma beta gamma theta beta theta zeta zeta,2847,648.5,0.151172
2023-04-24,Twxxvgd Lpmpddpjt,gamma beta delta omega gamma alpha theta delta lambda,2928,458.45,0.682565
2022-12-06,Qgcgpacb Vgaqbp,theta alpha sigma sigma omega gamma lambda omega delta gamma lambda,1090,850.79,0.535081
2025-07-10,Ibdosyfp Bleebcp,lambda zeta beta beta delta sigma gamma zeta beta alpha,6437,103.29,0.16062
2021-05-16,Iprgzj Vetmgii,alpha beta gamma sigma gamma alpha delta zeta,6158,420.62,0.832472
2025-03-07,Xronybai Hgnphle,delta gamma theta alpha lambda theta omega lambda beta theta alpha gamma,1026,754.29,0.265546
2023-08-10,Iqofvmt Dwgve,sigma alpha gamma omega theta gamma lambda beta omega theta,8150,380.08,0.501296
2024-05-15,Bfsppd Sjvdflw,theta zeta delta zeta lambda omega gamma gamma sigma,399,300.2,0.197123
2020-12-26,Dtjcuqbv Kogzljj,alpha lambda sigma beta alpha omega delta lambda,8467,504.98,0.311234
2022-08-20,Qaycacz Prjxlm,delta delta beta beta theta,3022,568.24,0.98575
2025-08-06,Hbtevyb Uryam,theta gamma delta theta delta sigma lambda beta zeta,9783,358.45,0.388634
2023-10-25,Bycuys Fdnjrnnla,omega alpha lambda lambda lambda zeta sigma,7601,789.95,0.770781
2023-06-01,Chid Ilkknu,gamma delta gamma zeta lambda gamma omega omega alpha alpha omega alpha,8271,791.63,0.250688
2022-05-08,Zwcn Xwmpe,alpha omega lambda gamma delta zeta,2343,123.99,0.289687
2021-07-14,Uuufhbaq Ivekwwh,delta theta omega gamma gamma,6410,939.4,0.943972
2023-12-24,Tzfx Ajubnjzbr,beta theta lambda gamma sigma zeta,7831,53.02,0.432808
2021-06-14,Vsehhf Unbzcay,theta delta lambda alpha gamma delta omega theta sigma delta,9674,901.01,0.472801
2023-02-02,Rtcevn Agxfmz,alpha beta lambda lambda sigma beta zeta alpha zeta zeta,9609,188.91,0.887782
2024-12-13,Tnskw Apciq,lambda alpha alpha theta theta alpha alpha gamma delta,6930,819.09,0.250617
2023-08-25,Ssed Lmdwog,lambda sigma alpha sigma gamma zeta omega beta sigma omega omega,3098,666.02,0.964728
2024-11-21,Dcqcru Vbkiq,gamma omega theta theta sigma lambda lambda omega delta beta sigma delta,2568,744.82,0.412272
2023-07-17,Juuovay Wrorfax,alpha beta gamma alpha beta beta zeta beta beta beta delta,9345,31.59,0.474831
2023-07-01,Pwhquntt Meowcsc,delta beta omega gamma alpha alpha sigma zeta delta delta gamma alpha,1990,161.39,0.193361
2023-12-13,Uubengbh Vmrfzeltz,alpha alpha alpha sigma omega,7474,882.07,0.698167
2022-11-25,Hhlahsb Glszwglfs,zeta zeta sigma zeta gamma,3264,522.56,0.561161
2022-11-02,Mkyhg Spqoqsom,lambda omega theta beta delta omega zeta alpha sigma alpha sigma delta,2416,936.48,0.268917
2022-12-22,Tjcyi Ojhjnlb,gamma zeta omega gamma sigma gamma lambda omega zeta,6123,806.39,0.165377
2023-10-18,Amihojv Wzlykl,gamma zeta gamma sigma sigma zeta omega sigma beta,3872,800.4,0.940805
2025-05-23,Otno Pjsoanqv,theta zeta lambda theta alpha zeta gamma omega sigma alpha gamma,5336,323.36,0.886679
2020-10-12,Jxas Wtnsnkane,sigma delta zeta delta lambda theta zeta alpha gamma alpha,9526,452.63,0.342153
2025-06-14,Xfas Lnqrry,alpha delta alpha gamma gamma lambda gamma lambda alpha beta,4958,521.69,0.906761
2025-02-24,Rvzdxf Heolylkl,gamma sigma omega zeta zeta beta,1205,662.3,0.785147
2021-08-13,Oiyyl Jjuwze,omega delta sigma omega omega delta omega omega alpha,2164,996.61,0.070224
2021-02-09,Pehrtcxy Ozcfifm,zeta beta zeta theta theta omega lambda,2128,224.28,0.469617
2023-02-12,Jhzts Bhqrv,lambda sigma beta beta omega alpha theta sigma alpha,2191,814.91,0.994863
2023-07-25,Fkqnpy Atagkkm,zeta sigma lambda alpha zeta gamma alpha delta gamma gamma alpha,9607,223.26,0.906968
2024-03-03,Hpzdmy Yoghcfnt,sigma alpha gamma beta beta theta sigma sigma gamma omega zeta alpha,2739,276.94,0.538995
2024-08-12,Qpun Oilysnynx,alpha lambda omega sigma theta zeta lambda omega gamma alpha zeta,7754,352.42,0.449448
2025-09-13,Pchzxhvf Nadag,gamma sigma gamma gamma lambda zeta alpha delta beta delta beta beta,2564,666.03,0.669903
2024-09-21,Fltkxh Vtjyc,lambda delta zeta omega zeta gamma beta,9575,276.42,0.723233
2024-09-08,Esmnjvce Gsamfafwh,lambda sigma sigma lambda omega theta beta lambda omega,7250,386.45,0.51314
2023-02-16,Rxehsbz Wfhibd,gamma delta beta omega beta alpha,204,611.26,0.868871
2021-04-28,Uebhrve Woloicspt,theta omega sigma omega omega delta gamma,6463,723.03,0.967331
2023-08-07,Xirgk Ermtd,omega gamma beta zeta beta lambda omega gamma sigma,4763,812.2,0.275979
2023-09-18,Sfewgfz Ugywj,gamma zeta omega theta lambda sigma gamma lambda,5382,956.38,0.13525
2022-10-09,Tyvqtokb Xeyocosdk,zeta omega gamma alpha sigma,791,334.64,0.09496
2023-01-14,Kbcgklo Axampaplg,lambda theta zeta theta omega,8492,500.63,0.230741
2025-07-15,Damyqrw Irpoluva,sigma zeta alpha zeta alpha alpha delta lambda theta gamma gamma sigma,8403,198.16,0.08606
2021-11-25,Gzudh Piali,theta delta lambda omega lambda,8834,124.52,0.896197
2024-06-27,Qpyi Gmflyxe,lambda sigma zeta omega delta,9477,705.91,0.266772
2023-06-08,Pdvhylxr Fanxw,gamma omega sigma gamma gamma alpha lambda sigma sigma delta theta,3546,279.26,0.394003
2025-04-15,Uydp Qutfry,gamma lambda sigma beta lambda omega lambda gamma,571,25.29,0.320018
2022-03-01,Ycklla Xuffgji,gamma gamma delta zeta delta,8028,264.9,0.148888
2024-09-09,Akocbcbe Udvws,beta delta theta lambda sigma zeta lambda beta sigma,4096,594.03,0.16284
2021-09-15,Gxha Fdefgpjm,lambda theta omega omega delta zeta delta lambda theta,2756,234.5,0.806449
2024-03-16,Vkwkocho Dkogx,delta beta sigma delta sigma,6665,736.15,0.457571
